CompetitionID;No;Competition;Season;Unique Competition;Date of Competition start;Date of Competition end;Place;Conutry;FAI RANK;Bilten status;Finished jump rounds;M-Bilten;F-Bilten;JM-Bilten;JF-Bilten;CheckMFJ;M;F;JM;JF;ALL;ALL Juniors;Style M;Style F;Sum of WALAR rating points of the competitors;WALAR organizers points;Competition ranking;Team AL 1 place male;Team AL 2 place male;Team AL 3 place male;Chief Judge
202300;0.;Cumulus Cup;2025;2025 Cumulus Cup;2024-11-25 00:00:00;2024-11-26 00:00:00;TestPlace;TestCountry;Cat.2;;10;25;6;2;3;NE;0;0;0;0;31;5;/;/;0;0;Under
;;;;"SWCS Klatovy, Belluno, and Thalgau, plus the European Championships in ST&AL in Klatovy and the World Cup and Asian Championships in ST&AL in China.
Poreč IPC was also a 2nd category event.";;;;;;;;;;;;OK;0;0;0;0;0;0;/;/;;0;Under
;31.;Jadranski kup;2025;2025 Jadranski kup;2025-05-22 00:00:00;2025-05-25 00:00:00;Budva;Montenegro;;;;;;;;OK;0;0;0;0;0;0;/;/;0;0;Under
;;EEAC Moldova;2025;2025 EEAC Moldova;2025-06-06 00:00:00;2025-06-08 00:00:00;Vadul-lui-voda;Moldova;;;;;;;;OK;0;0;0;0;0;0;/;/;0;0;Under
;;NC Slovenia;2025;2025 NC Slovenia;2025-06-21 00:00:00;2025-06-22 00:00:00;Metlika;Slovenia;;;;;;;;OK;0;0;0;0;0;0;/;/;0;0;Under
;;EASC Poland;2025;2025 EASC Poland;2025-07-25 00:00:00;2025-07-27 00:00:00;Zamošć;Poland;;;;;;;;OK;0;0;0;0;0;0;/;/;0;0;Under
;;EEAC Bulgaria;2025;2025 EEAC Bulgaria;2025-09-04 00:00:00;2025-09-07 00:00:00;Montana;Bulgaria;;;;;;;;OK;0;0;0;0;0;0;/;/;0;0;Under
;;EEAC Hungary;2025;2025 EEAC Hungary;2025-09-26 00:00:00;2025-09-28 00:00:00;Szeged;Hungary;;;;;;;;OK;0;0;0;0;0;0;/;/;0;0;Under
;;EEAC Romania;2025;2025 EEAC Romania;2025-10-03 00:00:00;2025-10-05 00:00:00;Brasov;Romania;;;;;;;;OK;0;0;0;0;0;0;/;/;0;0;Under
;47.;CISM WPC;2025;2025 CISM WPC;2025-11-13 00:00:00;2025-11-23 00:00:00;Doha;Qatar;Cat.1 CISM;;7;136;42;12;7;NE;136;42;8;3;178;11;65;22;263;347949;CISM
;;Asian PC;2025;2025 Asian PC;2025-10-24 00:00:00;2025-10-31 00:00:00;Ji’an, Jiangxi;China;Cat.1;;10;26;7;6;3;OK;26;7;6;3;33;9;19;7;69;28980;EPC
;;World Cup;2025;2025 World Cup;2025-10-24 00:00:00;2025-10-31 00:00:00;Ji’an, Jiangxi;China;Cat.1;;10;65;18;18;10;OK;65;18;18;10;83;28;49;17;182;202020;Wcup
;;SWCS Switzerland;2025;2025 SWCS Switzerland;2025-09-19 00:00:00;2025-09-21 00:00:00;Locarno;Switzerland;;;8;174;26;14;2;NE;0;0;0;0;0;0;/;/;0;0;SWCS
;35.;Alkarski kup;2025;2025 Alkarski kup;2025-08-30 00:00:00;2025-08-31 00:00:00;Sinj;Croatia;;;;;;;;OK;0;0;0;0;0;0;/;/;0;0;Under
;;SWCS Austria;2025;2025 SWCS Austria;2025-08-22 00:00:00;2025-08-24 00:00:00;Thalgau;Austria;Cat.2;;8;174;34;12;4;OK;174;34;12;4;208;16;/;/;356;637952;SWCS
;36.;SWCS Italy;2025;2025 SWCS Italy;2025-08-08 00:00:00;2025-08-10 00:00:00;Belluno;Italy;Cat.2;;8;194;43;14;4;NE;193;43;14;4;236;18;/;/;#N/A;#N/A;SWCS
;;SWCS Czech R.;2025;2025 SWCS Czech R.;2025-07-11 00:00:00;2025-07-13 00:00:00;Klatovy;Czech Republic;Cat.2;Processed;5;185;42;13;7;OK;185;42;13;7;227;20;/;/;454;560690;WALAR A
;;EPC;2025;2025 EPC;2025-07-11 00:00:00;2025-07-13 00:00:00;Klatovy;Czech Republic;Cat.1;Processed;7;80;32;10;6;OK;80;32;10;6;112;16;31;14;292;261632;EPC;;;;Darko Svetina
;;SWCS Slovenia;2025;2025 SWCS Slovenia;2025-06-27 00:00:00;2025-06-29 00:00:00;Lesce-Bled;Slovenia;;;8;177;43;9;4;NE;0;0;0;0;0;0;/;/;0;0;SWCS
;32.;NC Croatia;2025;2025 NC Croatia;2025-06-07 00:00:00;2025-06-08 00:00:00;Sinj;Croatia;;;8;26;2;0;0;NE;0;0;0;0;0;0;/;/;0;0;Under
;;SWCS France;2025;2025 SWCS France;2025-05-30 00:00:00;2025-06-01 00:00:00;Chaors;France;;;8;118;27;13;2;NE;0;0;0;0;0;0;/;/;0;0;SWCS
;;Poreč IPC;2025;2025 Poreč IPC;2025-05-16 00:00:00;2025-05-18 00:00:00;Poreč;Croatia;Cat.2;Processed;6;58;3;3;0;OK;58;3;3;0;61;3;/;/;102;39168;WALAR A;;;;Mohd Al Hajri
;16.;Dolomiti Cup;2025;2025 Dolomiti Cup;2025-05-03 00:00:00;2025-05-04 00:00:00;Belluno;Italy;;;;;;;;OK;0;0;0;0;0;0;/;/;0;0;Under
;;Friendship Cup;2025;2025 Friendship Cup;2025-04-25 00:00:00;2025-04-26 00:00:00;Cumiana;Italy;;;;;;;;OK;0;0;0;0;0;0;/;/;0;0;Under
;8.;Dubai IPC;2024;2024 Dubai IPC;2024-11-29 00:00:00;2024-12-04 00:00:00;Dubai;UAE;Cat.2;Processed;8;81;6;3;0;OK;81;6;3;0;87;3;/;/;138;99360;WALAR A
;;EEAC Romania;2024;2024 EEAC Romania;2024-10-04 00:00:00;2024-10-06 00:00:00;Brasov;Romania;;Processed;3;36;3;1;;OK;36;3;1;0;39;1;/;/;60;7200;WALAR D;;;;Mihail-Aurelian Radulescu
;;EEAC Poland;2024;2024 EEAC Poland;2024-09-27 00:00:00;2024-09-29 00:00:00;Zamošć;Poland;;Processed;7;23;4;1;0;OK;23;4;1;0;27;1;/;/;42;8232;WALAR C;;;;Mariusz Puchala
;;SWCS Switzerland;2024;2024 SWCS Switzerland;2024-09-20 00:00:00;2024-09-22 00:00:00;Locarno;Switzerland;;Processed;8;141;23;14;0;OK;141;23;14;0;164;14;/;/;308;438592;SWCS
;;EEAC Hungary;2024;2024 EEAC Hungary;2024-09-13 00:00:00;2024-09-15 00:00:00;Szeged;Hungary;;Processed;7;41;1;4;1;OK;41;1;4;1;42;5;/;/;54;17766;WALAR A
;38. 12.J.;WPC;2024;2024 WPC;2024-08-31 00:00:00;2024-09-06 00:00:00;Prostějov;Czech Republic;Cat.1;Processed;10;134;46;16;4;OK;134;46;16;4;180;20;41;16;578;1156000;WPC;Qatar;Germany;France;Mariusz Puchala;;2.9130434782608696;2.875
;34.;Alkarski kup;2024;2024 Alkarski kup;2024-08-24 00:00:00;2024-08-25 00:00:00;Sinj;Croatia;;Processed;6;21;1;0;0;OK;21;1;0;0;22;0;/;/;28;3696;WALAR E
;;SWCS Austria;2024;2024 SWCS Austria;2024-08-23 00:00:00;2024-08-25 00:00:00;Thalgau;Austria;Cat.2;Processed;8;167;28;11;1;OK;167;28;11;1;195;12;/;/;323;534888;SWCS
;;SWCS Italy;2024;2024 SWCS Italy;2024-08-09 00:00:00;2024-08-11 00:00:00;Belluno;Italy;Cat.2;Processed;8;190;49;12;3;OK;190;49;12;3;239;15;/;/;417;847344;SWCS
;;SWCS Czech R.;2024;2024 SWCS Czech R.;2024-07-26 00:00:00;2024-07-28 00:00:00;Strakonice;Czech Republic;Cat.2;Processed;8;153;26;12;3;OK;153;26;12;3;179;15;/;/;297;460944;SWCS
;46.;CISM WPC;2024;2024 CISM WPC;2024-07-01 00:00:00;2024-07-11 00:00:00;Szolnok;Hungary;Cat.1 CISM;Provjeriti;8;137;40;7;1;OK;137;40;7;1;177;8;/;/;222;328560;CISM
;;EEAC BiH;2024;2024 EEAC BiH;2024-06-29 00:00:00;2024-06-30 00:00:00;Prijedor;BiH;Cat.2;Processed;10;55;3;2;0;OK;55;3;2;0;58;2;/;/;83;49800;WALAR A;;;;Sanimir Handnanagić
;;SWCS Slovenia;2024;2024 SWCS Slovenia;2024-06-21 00:00:00;2024-06-23 00:00:00;Lesce-Bled;Slovenia;;Processed;7;192;32;14;1;OK;192;32;14;1;224;15;/;/;375;627375;SWCS;;;;Stefan Stefanova
;;EEAC Bulgaria;2024;2024 EEAC Bulgaria;2024-06-16 00:00:00;2024-06-16 00:00:00;Montana;Bulgaria;;Processed;4;43;8;0;0;OK;43;8;0;0;51;0;/;/;76;15504;WALAR A
;31.;NC Croatia;2024;2024 NC Croatia;2024-07-06 00:00:00;2024-07-07 00:00:00;Poreč;Croatia;;Processed;7;23;2;0;0;OK;23;2;0;0;25;0;/;/;17;2975;NC;;;;Darko Svetina
;12.;Pet Zvijezda;2024;2024 Pet Zvijezda;2024-06-01 00:00:00;2024-06-02 00:00:00;Banja Luka;BiH;;Nenam bilten;;;;;;OK;0;0;0;0;0;0;/;/;0;0;Under
;;EEAC Moldova;2024;2024 EEAC Moldova;2024-05-24 00:00:00;2024-05-26 00:00:00;Vadul-lui-voda;Moldova;;Processed;8;15;3;0;0;OK;15;3;0;0;18;0;/;/;22;3168;WALAR E;;;;Vasili Capanji
;30.;Jadranski kup;2024;2024 Jadranski kup;2024-05-24 00:00:00;2024-05-26 00:00:00;Budva;Montenegro;;Processed;7;38;2;0;0;OK;38;2;0;0;40;0;/;/;34;9520;WALAR C
;;SWCS France;2024;2024 SWCS France;2024-05-31 00:00:00;2024-06-02 00:00:00;Chaors;France;;Processed;8;138;21;14;3;OK;138;21;14;3;159;17;/;/;285;401280;SWCS
;;BSP;2024;2024 BSP;2024-05-17 00:00:00;2024-05-19 00:00:00;Lisičji Jarak;Serbia;;Nenam bilten;;;;;;OK;0;0;0;0;0;0;/;/;0;0;Under
;4.;Poreč IPC;2024;2024 Poreč IPC;2024-05-10 00:00:00;2024-05-11 00:00:00;Poreč;Croatia;Cat.2;Processed;10;50;5;2;0;OK;50;5;2;0;55;2;/;/;74;42180;WALAR A;;;;Mohd Al Hajri
;15.;Dolomiti Cup;2024;2024 Dolomiti Cup;2024-04-27 00:00:00;2024-04-28 00:00:00;Belluno;Italy;;Processed;8;103;14;8;1;OK;103;14;8;1;117;9;/;/;202;203616;WALAR A;Qatar 1;Sportforderguppe;Scuola Nazionale Italy;Bruna De Paoli
;;Friendship Cup;2024;2024 Friendship Cup;2024-04-06 00:00:00;2024-04-07 00:00:00;Cumiana;Italy;;Nenam bilten;;;;;;OK;0;0;0;0;0;0;/;/;0;0;Under
;;Ameri Cup;2024;2024 Ameri Cup;2024-03-02 00:00:00;2024-03-03 00:00:00;;USA;;Nenam bilten;;;;;;OK;0;0;0;0;0;0;/;/;0;0;Under
;3.;Abu Dhabi Open Parachute Championship;2024;2024 Abu Dhabi Open Parachute Championship;2024-02-23 00:00:00;2024-02-27 00:00:00;Abu Dhabi;UAE;;Nenam bilten;8;;;;;OK;0;0;0;0;0;0;/;/;0;0;Under
;7.;Dubai IPC;2023;2023 Dubai IPC;2023-11-19 00:00:00;2023-11-27 00:00:00;Dubai;UAE;Cat.2;Processed;10;;;;;NE;91;16;7;1;107;8;/;/;165;189750;WALAR A;;;;;0
202321;;SWCS UAE;2023;2023 SWCS UAE;2023-11-16 00:00:00;2023-11-19 00:00:00;Dubai;UAE;Cat.2;Processed;8;109;31;8;2;OK;109;31;8;2;140;10;/;/;284;340800;SWCS
;;NC Italy;2023;2023 NC Italy;2023-10-21 00:00:00;2023-10-22 00:00:00;Molinella;Italy;;Processed;8;;;;;NE;27;5;0;0;32;0;/;/;38;9728;NC
;29.;Jadranski kup;2023;2023 Jadranski kup;2023-10-06 00:00:00;2023-10-08 00:00:00;Budva;Montenegro;;Processed;10;;;;;NE;31;0;0;0;31;0;/;/;20;6200;WALAR D;;;;Radoslav Korać;;2023-04-01 00:00:00;2023-04-02 00:00:00;Et le 27ème challenge des mousquetaires aussi les 01 02 avril à Paraclub de Péronne
202312;10.;EPC;2023;2023 EPC;2023-10-01 00:00:00;2023-10-08 00:00:00;Ravenna;Italy;Cat.1;Processed;10;;;;;NE;68;31;8;3;99;11;24;9;257;282700;EPC;;;;Ulf Tingnert
;15.;World Cup;2023;2023 World Cup;2023-10-01 00:00:00;2023-10-08 00:00:00;Ravenna;Italy;Cat.1;Processed;10;;;13;5;NE;84;38;13;5;122;18;29;16;401;561400;Wcup;;;;Ulf Tingnert
202320;;SWCS Switzerland;2023;2023 SWCS Switzerland;2023-09-22 00:00:00;2023-09-24 00:00:00;Locarno;Switzerland;;Processed;3;169;33;16;3;OK;169;33;16;3;202;19;/;/;383;253929;SWCS
;6.;PK Nikšića;2023;2023 PK Nikšića;2023-09-14 00:00:00;2023-09-17 00:00:00;Nikšić;Montenegro;;Processed;6;;;;;NE;14;0;0;0;14;0;/;/;8;672;WALAR F;;;;Radoslav Korać
;42.;National PC AL Portugal;2023;2023 National PC AL Portugal;2023-09-07 00:00:00;2023-09-10 00:00:00;Evora;Portugal;;Bilten missing;;;;;;OK;0;0;0;0;0;0;/;/;0;0;NC
;;EEAC Romania;2023;2023 EEAC Romania;2023-09-02 00:00:00;2023-09-03 00:00:00;Zarnesti;Romania;;Processed;7;;;;;NE;31;5;0;0;36;0;/;/;41;10332;WALAR B
202316;33.;Alkarski kup;2023;2023 Alkarski kup;2023-09-02 00:00:00;2023-09-03 00:00:00;Sinj;Croatia;;Processed;6;;;1;0;NE;33;3;1;0;36;1;/;/;36;7992;WALAR C;;;;;;;;куп Фених друга половина септ-окт у Београду, то још са Миланчетом треба да договорим
202315;;SWCS Austria;2023;2023 SWCS Austria;2023-08-25 00:00:00;2023-08-27 00:00:00;Thalgau;Austria;Cat.2;Processed;4;183;32;13;4;NE;183;32;12;4;215;16;/;/;411;379764;SWCS
202314;;SWCS Italy;2023;2023 SWCS Italy;2023-08-11 00:00:00;2023-08-13 00:00:00;Belluno;Italy;Cat.2;Processed;8;198;38;12;4;NE;198;38;11;4;236;15;/;/;432;867456;SWCS
;69.;NC Serbia;2023;2023 NC Serbia;2023-08-03 00:00:00;2023-08-06 00:00:00;Niš;Serbia;;Processed;6;;;;;NE;37;2;2;0;39;2;/;/;36;8856;NC
;;Para-Challenge Kup;2023;2023 Para-Challenge Kup;2023-07-29 00:00:00;2023-07-30 00:00:00;Bihać;BiH;;Processed;5;;;;;NE;11;0;0;0;11;0;/;/;8;440;Under;;;;Marin Momir
202313;;SWCS Czech R.;2023;2023 SWCS Czech R.;2023-07-21 00:00:00;2023-07-23 00:00:00;Klatovy;Czech Republic;;Processed;5;138;30;7;2;NE;138;30;5;2;168;7;/;/;286;250250;SWCS
202311;27.;EEAC BiH;2023;2023 EEAC BiH;2023-07-14 00:00:00;2023-07-16 00:00:00;Prijedor;BiH;Cat.2;Processed;8;;;1;0;NE;56;5;1;0;61;1;/;/;70;34720;WALAR A
;;EEAC Bulgaria;2023;2023 EEAC Bulgaria;2023-07-07 00:00:00;2023-07-09 00:00:00;Montana;Bulgaria;Cat.2;Processed;4;;;;;NE;33;4;0;0;37;0;/;/;37;5476;WALAR D;;;;Stefan Stefanova
202310;;SWCS Slovenia;2023;2023 SWCS Slovenia;2023-06-23 00:00:00;2023-06-25 00:00:00;Lesce-Bled;Slovenia;;Processed;5;190;35;13;2;OK;190;35;13;2;225;15;/;/;445;534000;SWCS;;;;;;;;Championnat Occitanie à Bouloc 17-18 juin
;;Blokhus Open;2023;2023 Blokhus Open;2023-06-17 00:00:00;2023-06-18 00:00:00;Blokhus;Denmark;;Processed;8;;;;;NE;27;1;0;0;28;0;/;/;41;9184;WALAR C
202309;;OPPG Osijeka;2023;2023 OPPG Osijeka;2023-06-17 00:00:00;2023-06-18 00:00:00;Osijek;Croatia;;Processed;8;;;1;0;NE;25;1;1;0;26;1;/;/;32;6912;WALAR D;;;;;;2023-06-17 00:00:00;2023-06-18 00:00:00;Prvenstvo Occitanije u Boulocu 17-18. lipnja
202308;;SWCS Croatia;2023;2023 SWCS Croatia;2023-06-02 00:00:00;2023-06-04 00:00:00;Rijeka;Croatia;;Processed;4;122;16;11;3;NE;122;16;12;3;138;15;/;/;278;170136;SWCS
;56.;NC Austria;2023;2023 NC Austria;2023-05-27 00:00:00;2023-05-28 00:00:00;Guessing;Austria;Cat.2;Processed;9;;;;;NE;52;4;2;1;56;3;/;/;70;37170;NC;;;;Sabine Kuchner
202306;11.;Pet Zvijezda;2023;2023 Pet Zvijezda;2023-05-27 00:00:00;2023-05-28 00:00:00;Banja Luka;BiH;;Processed;5;;;;;NE;29;3;0;0;32;0;/;/;39;6240;WALAR D
202303;3.;Poreč IPC;2023;2023 Poreč IPC;2023-05-20 00:00:00;2023-05-21 00:00:00;Poreč;Croatia;;Processed;4;56;2;2;0;OK;56;2;2;0;58;2;/;/;83;19920;WALAR A;;;;Kristina Radecki;;2023-05-13 00:00:00;2023-05-14 00:00:00;Kup Okcitana u Cahorsu 13-14. svibnja
202318;30.;NC Croatia;2023;2023 NC Croatia;2023-05-20 00:00:00;2023-05-21 00:00:00;Poreč;Croatia;;Processed;4;23;2;1;0;OK;23;2;1;0;25;1;/;/;35;3640;NC;;;;Kristina Radecki
;;BSP;2023;2023 BSP;2023-05-19 00:00:00;2023-05-21 00:00:00;Lisičji Jarak;Serbia;;Processed;5;;;;;NE;30;2;0;0;32;0;/;/;29;4640;WALAR D
;;Deutschland Cup Ziel May;2023;2023 Deutschland Cup Ziel May;2023-05-13 00:00:00;2023-05-14 00:00:00;Thannhausen;Germany;;Processed;4;;;4;2;NE;39;9;4;2;48;6;/;/;70;15120;WALAR A
202302;14.;Dolomiti Cup;2023;2023 Dolomiti Cup;2023-05-06 00:00:00;2023-05-07 00:00:00;Belluno;Italy;Cat.2;Processed;8;82;7;5;0;OK;82;7;5;0;89;5;/;/;137;103024;WALAR A;;;;;;;;Championnat inter-ligues à Agen 22-23 avril
;;Deutschland Cup Ziel April;2023;2023 Deutschland Cup Ziel April;2023-04-22 00:00:00;2023-04-23 00:00:00;Varrelbusch;Germany;;Processed;7;;;;;NE;24;1;1;0;25;1;/;/;24;4368;WALAR D;;;;Angelika Fröhlich
;1.;Friendship Cup;2023;2023 Friendship Cup;2023-04-15 00:00:00;2023-04-16 00:00:00;;Switzerland;;Processed;8;;;;;NE;20;6;0;0;26;0;/;/;45;9360;WALAR C
202301;;Ameri Cup #1;2023;2023 Ameri Cup #1;March? 2023;2023-03-03 00:00:00;;USA;;Processed;6;;;;;NE;29;1;2;0;30;2;/;/;51;9792;WALAR C;;;;;;2023-04-22 00:00:00;2023-04-23 00:00:00;Međuligaško prvenstvo u Agenu 22-23. travnja
202178;;Ameri Cup #2;2022;2022 Ameri Cup #2;;2022-11-19 00:00:00;Jump Florida;USA;;Processed;8;;;;;NE;23;3;1;0;26;1;/;/;38;8208;WALAR C;;;;Ehab Mahmoud
202179;;NC Montenegro;2022;2022 NC Montenegro;2022-11-12 00:00:00;2022-11-13 00:00:00;Podgorica;Montenegro;;Processed;10;;;0;0;NE;21;0;0;0;21;0;/;/;20;4200;NC;;;;Esko Šainović;0
;;NC Romania;2022;2022 NC Romania;;2022-10-20 00:00:00;Targu Mures;Romania;;;10;;;18;11;NE;68;25;2;1;93;3;/;/;72;69120;NC
202180;;EEAC Poland;2022;2022 EEAC Poland;;2022-10-02 00:00:00;Krakow;Poland;;Canceled;0;;;;;OK;0;0;0;0;0;0;/;/;0;0;Canceled;;;;;0
202181;;WCS Switzerland;2022;2022 WCS Switzerland;2022-09-23 00:00:00;2022-09-25 00:00:00;Locarno;Switzerland;;Processed;6;;;15;2;NE;154;30;16;3;184;19;/;/;395;481110;SWCS;;;;Silvia Beguelin;114
;;NC France;2022;2022 NC France;;2022-09-18 00:00:00;Bouloc;France;;;8;;;;;NE;37;10;1;1;47;2;;;70;27440;NC
202182;;EEAC Hungary;2022;2022 EEAC Hungary;;2022-09-18 00:00:00;Szeged;Hungary;;Bilten missing;;;;;;OK;0;0;0;0;0;0;/;/;0;0;Bad weather;;;;Gyula Varnagy;0
;;NC Great Britain;2022;2022 NC Great Britain;;2022-09-11 00:00:00;Bridlington;GB;;;6;;;;;NE;13;0;0;0;13;0;;;17;1326;NC
202183;;EEAC Romania;2022;2022 EEAC Romania;;2022-09-11 00:00:00;Brasov;Romania;;Bilten missing;4;;;;;NE;33;6;0;0;39;0;/;/;43;6708;WALAR D;;;;;0
202184;2.;Poreč IPC;2022;2022 Poreč IPC;2022-09-10 00:00:00;2022-09-11 00:00:00;Poreč;Croatia;;Processed;8;16;0;2;0;NE;16;0;1;0;16;1;/;/;35;4760;WALAR D;;;;;8
202185;43.;Ptuj Cup;2022;2022 Ptuj Cup;;2022-09-04 00:00:00;Ptuj;Slovenia;;Photo only, Processed;7;;;4;0;NE;29;1;1;0;30;1;/;/;32;6944;WALAR D;;;;Zlatko Čuš;7
202186;;WCS Austria;2022;2022 WCS Austria;2022-08-26 00:00:00;2022-08-28 00:00:00;Thalgau;Austria;;Processed;6;;;14;5;NE;167;27;13;5;194;18;/;/;355;451560;SWCS;;;;Günter Berendt;108
202187;68.;NC Serbia;2022;2022 NC Serbia;2002-08-20 00:00:00;2022-08-21 00:00:00;Paraćin;Serbia;;Photo only, Processed;5;;;1;1;NE;29;2;2;0;31;2;/;/;33;5445;NC;;;;Vlado Jovčevski;10
202188;;WCS Italy;2022;2022 WCS Italy;2022-08-12 00:00:00;2022-08-14 00:00:00;Belluno;Italy;;Processed;8;;;11;3;NE;163;40;11;3;203;14;/;/;347;602392;SWCS;;;;Günter Berendt;112
202189;32.;Alkarski kup;2022;2022 Alkarski kup;2022-07-30 00:00:00;2022-07-31 00:00:00;Sinj;Croatia;;Photo only, Processed;3;;;0;0;NE;31;1;0;0;32;0;/;/;25;2400;WALAR E;;;;Zvonko Kovačević;0
202190;37. 11.J.;WPC;2022;2022 WPC;2022-07-18 00:00:00;2022-07-23 00:00:00;Strakonice;Czech Republic;Cat.1;Processed;10;;;12;9;NE;131;48;9;4;179;13;31;12;573;1100160;WPC;Czech Rep.;Switzerland;France;Darko Svetina;130
202191;;WCS Slovenia;2022;2022 WCS Slovenia;2022-07-08 00:00:00;2022-07-10 00:00:00;Lesce-Bled;Slovenia;;Processed;8;;;14;5;NE;153;33;12;4;186;16;/;/;286;462176;SWCS;;;;Darko Svetina;128
202192;;EEAC BiH;2022;2022 EEAC BiH;2002-07-01 00:00:00;2022-07-03 00:00:00;Prijedor;BiH;Cat.2;Photo only, Processed;7;;;2;0;NE;59;6;3;0;65;3;/;/;59;28084;WALAR A;;;;Nenad Stojiljković;21
202193;29.;NC Croatia;2022;2022 NC Croatia;2022-06-25 00:00:00;2022-06-26 00:00:00;Sinj;Croatia;;Photo only, Processed;8;;;1;0;NE;22;2;1;0;24;1;/;/;18;3600;NC;;;;Darko Elezović;8
202194;45.;CISM WPC;2022;2022 CISM WPC;2022-06-20 00:00:00;2022-06-30 00:00:00;Gussing;Austria;Cat.1 CISM;Processed;8;;;13;3;NE;136;41;11;3;177;14;74;24;215;328520;CISM;;;;Oliver Vent;112
202195;;OPPG Osijeka;2022;2022 OPPG Osijeka;2022-06-18 00:00:00;2022-06-19 00:00:00;Osijek;Croatia;;Photo only, Processed;8;;;1;0;NE;21;3;1;0;24;1;/;/;17;3400;WALAR E;;;;Dajana Bešlić;8
202196;;WCS Croatia;2022;2022 WCS Croatia;2022-06-10 00:00:00;2022-06-12 00:00:00;Grobnik;Croatia;;Was not held;0;;;;;OK;0;0;0;0;170;;/;/;0;0;Bad weather;;;;Günter Berendt;0
202197;;EEAC Bulgaria;2022;2022 EEAC Bulgaria;;2022-06-05 00:00:00;Montana;Bulgaria;;Processed;7;;;;;NE;29;11;1;0;40;1;/;/;40;11480;WALAR B;;;;Stefan Stefanov;7
202198;13.;Dolomiti Cup;2022;2022 Dolomiti Cup;2022-05-28 00:00:00;2022-05-29 00:00:00;Belluno;Italy;;Processed;7;79;12;3;1;OK;79;12;3;1;91;4;/;/;131;87115;WALAR A;;;;Bruna de Paoli;28
202199;10.;Pet Zvijezda;2022;2022 Pet Zvijezda;2022-05-28 00:00:00;2022-05-29 00:00:00;Banja Luka;BiH;;Photo only, Processed;5;;;2;0;NE;31;3;1;0;34;1;/;/;26;4550;WALAR D;;;;Kristina Radecki ;5
202200;;EEAC Moldova;2022;2022 EEAC Moldova;;2022-05-29 00:00:00;Vadul-lui-Voda;Moldova;;Canceled;0;;;;;OK;0;0;0;0;0;0;/;/;0;0;Canceled;;;;;0
202201;4.;Cumulus Cup;2022;2022 Cumulus Cup;2022-05-21 00:00:00;2022-05-22 00:00:00;Poreč;Croatia;;Processed;8;35;4;3;0;NE;35;4;2;0;39;2;/;/;47;15416;WALAR A;;;;Kristina Radecki;16
;1.;Ameri Cup #1;2022;2022 Ameri Cup #1;2022-03-04 00:00:00;2022-03-06 00:00:00;Jump Florida;USA;;Processed;6;;;;;NE;24;3;0;0;27;0;/;/;24;3888;WALAR E
;6.;Dubai IPC;2021;2021 Dubai IPC;2021-12-07 00:00:00;2021-12-18 00:00:00;Dubai;UAE;Cat.2;Processed;10;113;23;4;3;NE;117;26;6;2;143;8;/;/;199;300490;WALAR A
;44.;CISM WPC;2021;2021 CISM WPC;2021-11-15 00:00:00;2021-11-30 00:00:00;Doha;Qatar;Cat.1 CISM;Processed;8;;;16;7;NE;151;50;5;4;201;9;73;28;268;450240;CISM
;;WCS Switzerland;2021;2021 WCS Switzerland;2021-09-24 00:00:00;2021-09-26 00:00:00;Locarno;Switzerland;;;;;;;;NE;152;33;15;0;185;15;/;/;#DIV/0!;#DIV/0!;SWCS
;10.;ODPP Crne Gore;2021;2021 ODPP Crne Gore;2021-09-17 00:00:00;2021-09-19 00:00:00;Nikšić;Montenegro;;fali bilten;;;;;;OK;0;0;0;0;0;0;;;0;0;CISM
;;EEAC Hungary;2021;2021 EEAC Hungary;2021-09-17 00:00:00;2021-09-19 00:00:00;Szeged;Hungary;;Processed;4;;;;;NE;34;9;0;0;43;0;/;/;#N/A;#N/A;#N/A
;28.;NC Croatia;2021;2021 NC Croatia;2021-09-11 00:00:00;2021-09-12 00:00:00;Lučko;Croatia;;Imam, obrađen;10;;;1;0;NE;19;3;1;0;22;1;/;/;18;4140;NC
;67.;NC Serbia;2021;2021 NC Serbia;2021-09-04 00:00:00;2021-09-06 00:00:00;Zrenjanin;Serbia;;;;;;;;OK;0;0;0;0;;;;;0;0;NC
;;OPPG Osijeka;2021;2021 OPPG Osijeka;2021-09-04 00:00:00;2021-09-05 00:00:00;Osijek;Croatia;;Imam, obrađen;8;;;2;0;NE;29;5;1;0;34;1;/;/;26;7280;WALAR D;;;;Nada Đidara
;;WCS Italy;2021;2021 WCS Italy;2021-07-30 00:00:00;2021-08-01 00:00:00;Belluno;Italy;;Imam;7;;;17;2;NE;181;28;13;2;209;15;/;/;289;453152;SWCS
;36. 10.J.;WPC;2021;2021 WPC;2021-08-09 00:00:00;2021-08-21 00:00:00;Kemerovo;Russia;Cat.1;;5;;;16;8;NE;58;27;0;0;85;0;24;14;283;120275;WPC;Czech Rep.;France;Belarus
;1.;Poreč IPC;2021;2021 Poreč IPC;2021-08-04 00:00:00;2021-08-04 00:00:00;Poreč;Croatia;;;;;;;;OK;0;0;0;0;0;0;/;/;0;0;Under
;31.;Alkarski kup;2021;2021 Alkarski kup;2021-07-31 00:00:00;2021-08-01 00:00:00;Sinj;Croatia;;Imam;6;;;;0;NE;27;2;0;0;29;0;/;/;23;4002;WALAR D
;;WCS Slovenia;2021;2021 WCS Slovenia;2021-06-25 00:00:00;2021-06-27 00:00:00;Lesce-Bled;Slovenia;;Imam;8;;;12;2;NE;158;22;7;2;180;9;/;/;256;387072;SWCS
;;WCS Croatia;2021;2021 WCS Croatia;2021-06-11 00:00:00;2021-06-13 00:00:00;Grobnik;Croatia;;Imam;8;;;11;2;NE;82;11;8;2;93;10;/;/;142;117008;SWCS
;3.;Cumulus Cup;2021;2021 Cumulus Cup;2021-06-05 00:00:00;2021-06-05 00:00:00;Poreč;Croatia;;Imam, obrađen;7;33;2;2;0;NE;33;2;1;0;35;1;/;/;21;5292;WALAR D
;12.;Dolomiti Cup;2021;2021 Dolomiti Cup;2021-05-22 00:00:00;2021-05-23 00:00:00;Belluno;Italy;;Processed;8;59;8;0;0;OK;59;8;0;0;67;0;/;/;104;55744;WALAR A
;27.;NC Croatia;2020;2020 NC Croatia;2020-10-25 00:00:00;2020-10-25 00:00:00;Grobnik;Croatia;;Imam, obrađen;9;18;2;;0;OK;18;2;0;0;20;0;/;/;18;3240;NC;;;;Kristina Radecki
;;WCS Italy;2020;2020 WCS Italy;2020-10-09 00:00:00;2020-10-11 00:00:00;Belluno;Italy;;Imam;8;70;17;6;2;OK;70;17;6;2;87;8;/;/;134;101840;SWCS
;;OPPG Osijeka;2020;2020 OPPG Osijeka;2020-09-05 00:00:00;2020-09-05 00:00:00;Osijek;Croatia;;Imam;8;10;2;;;OK;10;2;0;0;12;;;;11;1056;WALAR F;;;;Dajana Bešlić
;30.;Alkarski kup;2020;2020 Alkarski kup;2020-08-01 00:00:00;2020-08-02 00:00:00;Sinj;Croatia;;Imam;4;18;2;;;OK;18;2;0;0;20;0;/;/;12;960;WALAR F;;;;Zvonko Kovačević
;11.;Dolomiti Cup;2020;2020 Dolomiti Cup;2020-08-01 00:00:00;2020-08-02 00:00:00;Belluno;Italy;;Processed;8;56;9;2;0;NE;56;9;3;0;65;3;/;/;86;46784;WALAR A
;19.;Asiana PC & China International Open;2019;2019 Asiana PC & China International Open;2019-11-02 00:00:00;2019-11-09 00:00:00;Hubai, Jingmen City;China;Cat.2;;;;;;;OK;0;0;0;0;;;/;/;0;0;Under
;;OPPG Rijeke i PGŽ;2019;2019 OPPG Rijeke i PGŽ;2019-01-01 00:00:00;2019-01-01 00:00:00;Grobnik;Croatia;;;;;;;;;17;3;3;1;;;;;20;0
;43.;CISM WPC;2019;2019 CISM WPC;2019-10-17 00:00:00;2019-10-26 00:00:00;Wuhan;China;Cat.1 CISM;Imam;8;;;;;NE;156;64;103;45;220;148;77;33;413;1215872;CISM
;65.;DPP Srbije;2019;2019 DPP Srbije;2019-10-12 00:00:00;2019-10-13 00:00:00;;;;Imam;10;21;2;2;0;NE;0;0;0;0;0;0;;;0;0;Under
;7.;Pet Zvijezda;2019;2019 Pet Zvijezda;2019-10-12 00:00:00;2019-10-13 00:00:00;Banja Luka;BiH;;Photo only, Processed;8;51;6;4;0;NE;51;6;15;2;57;17;/;/;57;33744;WALAR A
;26.;NC Croatia;2019;2019 NC Croatia;2019-09-14 00:00:00;2019-09-15 00:00:00;Sinj;Croatia;;Imam, obrađen;8;21;3;;0;OK;21;3;0;0;24;0;;;18;3456;NC
;;OPPG Osijeka;2019;2019 OPPG Osijeka;;2019-09-07 00:00:00;Osijek;Croatia;;;;;;;;NE;13;0;0;0;13;0;;;#DIV/0!;#DIV/0!;#DIV/0!
;;WCS Austria;2019;2019 WCS Austria;2019-08-23 00:00:00;2019-08-25 00:00:00;Thalgau;Austria;Cat.2;;;;;;;OK;0;0;0;0;;;/;/;0;0;SWCS
;;EEAC Poland;2019;2019 EEAC Poland;;2019-08-18 00:00:00;Krakow;Poland;;;;;;;;NE;35;0;12;0;35;12;/;/;#DIV/0!;#DIV/0!;#DIV/0!
;;WCS Italy;2019;2019 WCS Italy;2019-08-09 00:00:00;2019-08-11 00:00:00;Belluno;Italy;;Imam;8;196;44;16;1;NE;196;44;41;8;240;49;/;/;371;857752;SWCS
;41.;Ptuj Cup;2019;2019 Ptuj Cup;2019-08-03 00:00:00;2019-08-04 00:00:00;Ptuj;Slovenia;;Imam;8;;;6;1;NE;49;2;16;1;51;17;;;61;33184;WALAR A
;29.;Alkarski kup;2019;2019 Alkarski kup;2019-07-27 00:00:00;2019-07-27 00:00:00;Sinj;Croatia;;Imam;3;38;6;;;NE;38;6;8;2;44;10;;;31;5022;WALAR D
;;WCS Germany;2019;2019 WCS Germany;2019-07-19 00:00:00;2019-07-21 00:00:00;Peiting;Germany;Cat.2;Imam;7;116;18;13;3;NE;117;18;20;6;135;26;/;/;189;213003;SWCS
;24.;Petrovdanski kup;2019;2019 Petrovdanski kup;2019-07-06 00:00:00;2019-07-07 00:00:00;Prijedor;BiH;;Imam;10;52;2;1;0;NE;52;2;19;0;54;19;/;/;65;47450;WALAR A
;;WCS Slovenia;2019;2019 WCS Slovenia;2019-06-28 00:00:00;2019-06-30 00:00:00;Lesce-Bled;Slovenia;;Imam;6;181;33;17;2;NE;181;33;43;2;214;45;/;/;330;512820;SWCS
;;WCS Croatia;2019;2019 WCS Croatia;2019-06-14 00:00:00;2019-06-16 00:00:00;Grobnik;Croatia;;imam;8;119;24;10;1;NE;119;24;16;3;143;19;/;/;231;299376;SWCS
;16.;Kup Državnosti;2019;2019 Kup Državnosti;2019-06-09 00:00:00;2019-06-09 00:00:00;Borovo;Croatia;;Imam;8;25;3;;;NE;25;3;6;0;28;6;/;/;26;7072;WALAR D;;;;Kristina Radecki
;14.;World Cup;2019;2019 World Cup;2019-05-19 00:00:00;2019-05-26 00:00:00;Cordoba;Argentina;Cat.1;Imam;10;60;29;10;6;NE;70;35;41;19;105;60;32;15;383;631950;WCup
;4.;Zagreb Kup;2019;2019 Zagreb Kup;2019-04-27 00:00:00;2019-04-28 00:00:00;Lučko;Croatia;;Imam;7;7;1;;;NE;0;0;0;0;0;0;;;0;0;Under;;;;Nada Đidara
;10.;Dolomiti Cup;2019;2019 Dolomiti Cup;2019-04-27 00:00:00;2019-04-28 00:00:00;Belluno;Italy;;Processed;7;67;15;2;0;OK;67;15;2;0;82;2;/;/;122;71736;WALAR A
;;EEAC Hungary;2018;2018 EEAC Hungary;2018-10-07 00:00:00;2018-10-08 00:00:00;Szeged;Hungary;;;4;45;7;;;NE;45;7;17;2;52;19;;;80;22720;WALAR A
;;EEAC Poland;2018;2018 EEAC Poland;2018-09-15 00:00:00;2018-09-16 00:00:00;Krakow;Poland;;;3;;;;;NE;30;5;12;1;35;13;;;50;7200;WALAR D
;;OPPG Osijeka;2018;2018 OPPG Osijeka;2018-09-08 00:00:00;2018-09-09 00:00:00;Osijek;Croatia;;Imam, obrađen;8;23;4;;0;NE;23;4;2;0;27;2;;;33;7656;WALAR C;;;;Kristina Radecki
;;WCS Austria;2018;2018 WCS Austria;2018-09-07 00:00:00;2018-09-09 00:00:00;Thalgau;Austria;Cat.2x;Imam;8;151;24;20;0;NE;151;24;36;1;175;37;/;/;315;534240;SWCS
;35. 9.J.;WPC;2018;2018 WPC;2018-08-24 00:00:00;2018-08-31 00:00:00;Montana;Bulgaria;Cat.1x;Imam, obrađen;10;173;59;28;6;NE;173;59;78;22;232;100;54;36;825;2739000;WPC;Czech Rep.;Russia;Italy
;42.;CISM WPC;2018;2018 CISM WPC;2018-08-10 00:00:00;2018-08-21 00:00:00;Szolnok;Hungary;Cat.1 CISM;;;;;;;OK;0;0;0;0;0;0;/;/;0;0;CISM
;28.;Alkarski kup;2018;2018 Alkarski kup;2018-07-28 00:00:00;2018-07-29 00:00:00;Sinj;Croatia;;Imam, obrađen;6;28;6;;;NE;28;6;7;3;34;10;/;/;41;10824;WALAR B
;;WCS Italy;2018;2018 WCS Italy;2018-07-27 00:00:00;2018-07-29 00:00:00;Belluno;Italy;;Imam;8;178;32;22;0;NE;178;32;47;3;210;50;/;/;363;755040;SWCS
;;Para-Challenge Kup;2018;2018 Para-Challenge Kup;2018-07-21 00:00:00;2018-07-22 00:00:00;Bihać;BiH;;Imam, obrađen;4;14;1;;;NE;14;1;3;0;15;3;/;/;18;1296;WALAR F;;;;Sanimir Handanagić
;;Kup Državnosti;2018;2018 Kup Državnosti;2018-07-08 00:00:00;2018-07-08 00:00:00;Vukovar;Croatia;;Imam, obrađen;4;30;3;0;0;NE;30;3;4;0;33;4;/;/;49;7252;WALAR D
;;WCS Slovenia;2018;2018 WCS Slovenia;2018-06-22 00:00:00;2018-06-24 00:00:00;Lesce-Bled;Slovenia;Cat.2x;Imam;7;182;30;18;0;NE;182;30;44;1;212;45;/;/;388;698012;SWCS
;;WCS Croatia;2018;2018 WCS Croatia;2018-06-08 00:00:00;2018-06-10 00:00:00;Grobnik;Croatia;;imam;7;92;12;12;0;NE;92;12;20;0;104;20;/;/;219;190092;SWCS
;6.;Pet Zvijezda;2018;2018 Pet Zvijezda;2018-06-02 00:00:00;2018-06-03 00:00:00;Banja Luka;BiH;;Imam, obrađen;8;55;7;3;0;NE;55;7;17;2;62;19;;;#N/A;#N/A;#N/A
;?24?;NC Croatia;2018;2018 NC Croatia;2018-05-05 00:00:00;2018-05-06 00:00:00;Osijek;Croatia;;Imam, obrađen;10;18;2;;0;NE;18;2;1;0;20;1;/;/;32;6720;NC
;9.;Dolomiti Cup;2018;2018 Dolomiti Cup;2018-05-05 00:00:00;2018-05-06 00:00:00;Belluno;Italy;;UNIJETI;8;58;6;6;1;NE;0;0;0;0;0;0;/;/;0;0;Under
;12.;Otvoreno PP Grada Rijeke i PGŽ;2018;2018 Otvoreno PP Grada Rijeke i PGŽ;???;???;Grobnik;Croatia;;fotka rezultata;4;17;3;;;NE;0;0;0;0;0;0;;;0;0;Under
;;WCS Switzerland;2017;2017 WCS Switzerland;2017-09-22 00:00:00;2017-09-24 00:00:00;Locarno;Switzerland;;;8;;;;;NE;144;22;44;2;166;46;/;/;294;498624;SWCS
;;OPPG Osijeka;2017;2017 OPPG Osijeka;2017-09-09 00:00:00;2017-09-10 00:00:00;Osijek;Croatia;;Imam, obrađen;8;27;6;;;NE;27;6;4;1;33;5;;;44;13376;WALAR B
;;WCS Austria;2017;2017 WCS Austria;2017-09-08 00:00:00;2017-09-10 00:00:00;Thalgau;Austria;;Imam;6;162;23;19;1;NE;162;23;37;2;185;39;/;/;328;440832;SWCS
;9. 6J.;EPC;2017;2017 EPC;2017-08-27 00:00:00;2017-09-01 00:00:00;Podgorica;Montenegro;Cat.1x;Imam;8;102;44;23;4;NE;102;44;42;14;146;56;43;28;512;827392;EPC
;;Ptuj Cup;2017;2017 Ptuj Cup;2017-08-19 00:00:00;2017-08-19 00:00:00;Ptuj;Slovenia;;;;;;;;NE;37;4;10;2;41;12;;;57;0;Under
;;WCS Italy;2017;2017 WCS Italy;2017-08-11 00:00:00;2017-08-13 00:00:00;Belluno;Italy;;Imam;5;166;52;20;3;NE;166;52;39;11;218;50;/;/;372;498480;SWCS
;23.;NC Croatia;2017;2017 NC Croatia;2017-08-05 00:00:00;2017-08-06 00:00:00;Lučko;Croatia;;;4;12;2;;0;NE;12;2;1;0;14;1;;;21;1260;NC
;;Open National PC AL Bulgaria;2017;2017 Open National PC AL Bulgaria;2017-08-04 00:00:00;2017-08-05 00:00:00;Montana;Bulgaria;Cat.2x;;;;;;;OK;0;0;0;0;;;;;0;0
;27.;Alkarski kup;2017;2017 Alkarski kup;2017-07-28 00:00:00;2017-07-30 00:00:00;Sinj;Croatia;;;;;;;;NE;9;0;0;0;9;0;;;#DIV/0!;#DIV/0!;#DIV/0!
;;WCS Germany;2017;2017 WCS Germany;2017-07-28 00:00:00;2017-07-30 00:00:00;Peiting;Germany;;Imam;8;95;17;12;0;NE;95;17;22;2;112;24;/;/;160;174080;SWCS
;;Para-Challenge Kup;2017;2017 Para-Challenge Kup;2017-07-22 00:00:00;2017-07-23 00:00:00;Bihać;BiH;;;;;;;;NE;24;3;7;1;27;8;;;18;0;Under
;41.;CISM WPC;2017;2017 CISM WPC;2017-07-11 00:00:00;2017-07-20 00:00:00;Warendorf;Germany;Cat.1 CISM;;;;;;;OK;0;0;0;0;;;;;0;0;CISM
;;Kup Grada Vukovara;2017;2017 Kup Grada Vukovara;2017-07-08 00:00:00;2017-07-09 00:00:00;Borovo;Croatia;;;;;;;;OK;0;0;0;0;0;0;;;0;0;Under
;22?;Petrovdanski kup;2017;2017 Petrovdanski kup;2017-07-01 00:00:00;2017-07-02 00:00:00;Prijedor;BiH;;;;;;;;OK;0;0;0;0;0;0;;;0;0;Under
;;WCS Slovenia;2017;2017 WCS Slovenia;2017-06-23 00:00:00;2017-06-25 00:00:00;Lesce-Bled;Slovenia;;imam;6;184;39;19;1;NE;184;39;44;3;223;47;/;/;390;631800;SWCS
;;WCS Croatia;2017;2017 WCS Croatia;2017-06-09 00:00:00;2017-06-11 00:00:00;Grobnik;Croatia;;imam;5;114;30;12;0;NE;114;30;28;5;144;33;/;/;250;221250;SWCS
;5.;Pet Zvijezda;2017;2017 Pet Zvijezda;2017-06-03 00:00:00;2017-06-04 00:00:00;Banja Luka;BiH;;imam;8;43;6;;;NE;43;6;12;2;;;;;54;0
;;Ingushetya;2017;2017 Ingushetya;2017-06-02 00:00:00;2017-06-03 00:00:00;Ordzhonikidzevskaya;Ingushetya;;;;;;;;NE;11;0;0;0;11;0;;;#DIV/0!;#DIV/0!
;8.;Dolomiti Cup;2017;2017 Dolomiti Cup;2017-04-29 00:00:00;2017-04-30 00:00:00;Belluno;Italy;;Imam;8;72;13;5;1;NE;0;0;0;0;;0;/;/;0;0
;28.;Jadranski kup;2016;2016 Jadranski kup;2016-10-21 00:00:00;2016-10-23 00:00:00;Bar;Montenegro;;Imam samo raspis;;;;;;OK;0;0;0;0;;;;;0;0
;62.;NC Serbia;2016;2016 NC Serbia;2016-10-07 00:00:00;2016-10-09 00:00:00;Lisičji Jarak;Serbia;;Imam samo raspis;;;;;;OK;0;0;0;0;;;;;0;0;NC
;34. 8.J.;WPC;2016;2016 WPC;2016-09-10 00:00:00;2016-09-21 00:00:00;Chicago;USA;Cat.1x;;;104;44;23;7;NE;127;51;63;26;178;89;49;28;649;0;WPC;Slovenia;Russia;China
;5.;PK Nikšića;2016;2016 PK Nikšića;2016-09-03 00:00:00;2016-09-04 00:00:00;Nikšić;Montenegro;;;;;;;;OK;0;0;0;0;0;0;;;0;0
;;EEAC Hungary;2016;2016 EEAC Hungary;2016-09-02 00:00:00;2016-09-04 00:00:00;Szeged;Hungary;;Imam samo raspis;;;;;;OK;0;0;0;0;0;0;;;0;0
;;WCS Italy;2016;2016 WCS Italy;2016-08-12 00:00:00;2016-08-14 00:00:00;Belluno;Italy;Cat.2x;Imam;8;;;;;NE;185;40;50;6;225;56;/;/;388;872224;SWCS
;51.;Open National PC AL Bulgaria;2016;2016 Open National PC AL Bulgaria;2016-08-05 00:00:00;2016-08-06 00:00:00;Erden;Bulgaria;Cat.2x;;;;;;;NE;12;0;0;0;12;0;;;#DIV/0!;#DIV/0!
;26.;Alkarski kup;2016;2016 Alkarski kup;2016-07-29 00:00:00;2016-07-31 00:00:00;Sinj;Croatia;;;;;;;;NE;14;0;0;0;14;0;;;#DIV/0!;#DIV/0!;#DIV/0!
;;ODPP BiH;2016;2016 ODPP BiH;2016-07-23 00:00:00;2016-07-23 00:00:00;Bihać;BiH;;;;;;;;NE;10;0;0;0;10;0;;;#DIV/0!;#DIV/0!
;40.;CISM WPC;2016;2016 CISM WPC;2016-07-17 00:00:00;2016-07-29 00:00:00;Kubinka, Moscow;Russia;Cat.1 CISM;;;;;;;OK;0;0;0;0;;;;;0;0;CISM
;;CISM Regional Tournament Para;2016;2016 CISM Regional Tournament Para;2016-06-30 00:00:00;2016-07-02 00:00:00;Swis Tour;Switzerland;;;;;;;;NE;24;1;1;0;25;1;;;#DIV/0!;#DIV/0!
;;WCS Slovenia;2016;2016 WCS Slovenia;2016-06-24 00:00:00;2016-06-26 00:00:00;Lesce-Bled;Slovenia;;imam;7;179;44;15;1;NE;179;44;36;5;223;41;/;/;372;687456;SWCS
;;WCS Croatia;2016;2016 WCS Croatia;2016-06-10 00:00:00;2016-06-12 00:00:00;Grobnik;Croatia;;imam;5;97;9;13;0;NE;97;9;22;1;106;23;/;/;188;121260;SWCS
;;Ingushetya;2016;2016 Ingushetya;2016-06-02 00:00:00;2016-06-03 00:00:00;Ordzhonikidzevskaya;Ingushetya;;;;;;;;OK;0;0;0;0;0;0;/;/;0;0
;;Otvoreno PP Grada Rijeke i PGŽ;2016;2016 Otvoreno PP Grada Rijeke i PGŽ;2016-05-07 00:00:00;2016-05-07 00:00:00;Grobnik;Croatia;;Imam, obrađen;8;10;3;0;0;NE;0;0;0;0;0;0;/;/;0;0
;7.;Dolomiti Cup;2016;2016 Dolomiti Cup;2016-04-30 00:00:00;2016-05-01 00:00:00;Belluno;Italy;;Imam;7;58;8;9;0;NE;0;0;0;0;0;0;/;/;0;0
;;Para-Challenge Kup;2016;2016 Para-Challenge Kup;2016-04-23 00:00:00;2016-04-23 00:00:00;Bihać;BiH;;;;;;;;OK;0;0;0;0;0;0;;;0;0
;;IPA Kup;2015;2015 IPA Kup;2015-11-14 00:00:00;2015-11-15 00:00:00;Lisičji Jarak;Serbia;;Imam samo raspis;;;;;;OK;0;0;0;0;0;0;;;0;0
;;ODPP Crne Gore;2015;2015 ODPP Crne Gore;2015-10-31 00:00:00;2015-11-01 00:00:00;Podgorica;Montenegro;;;;;;;;OK;0;0;0;0;0;0;;;0;0
;27.;Jadranski kup;2015;2015 Jadranski kup;2015-10-16 00:00:00;2015-10-18 00:00:00;Bar;Montenegro;;Imam;6;;;;;OK;0;0;0;0;29;0;;;0;0
;39.;CISM WPC;2015;2015 CISM WPC;;2015-10-11 00:00:00;;Korea;Cat.1 CISM;;;;;;;OK;0;0;0;0;0;0;;;0;0;CISM
;24.;Memorijal Slavonskih zrakoplovaca;2015;2015 Memorijal Slavonskih zrakoplovaca;2015-10-10 00:00:00;2015-10-10 00:00:00;Osijek;Croatia;;Imam samo raspis;;;;;;OK;0;0;0;0;;;;;0;0;Under
;;Novosadski kup;2015;2015 Novosadski kup;2015-10-03 00:00:00;2015-10-04 00:00:00;Čenej;Serbia;;Imam samo raspis;8;;;;;OK;0;0;0;0;0;0;;;0;0
;8. 5J.;EPC;2015;2015 EPC;;2015-08-29 00:00:00;Montana;Bulgaria;Cat.1x;;;64;36;15;6;NE;79;42;38;23;121;61;38;24;438;0;EPC
;;WCS Italy;2015;2015 WCS Italy;2015-08-07 00:00:00;2015-08-09 00:00:00;Belluno;Italy;;Imam;7;213;32;26;1;NE;259;0;1;0;259;1;/;/;#DIV/0!;#DIV/0!;SWCS
;25.;Alkarski kup;2015;2015 Alkarski kup;2015-07-31 00:00:00;2015-08-02 00:00:00;Sinj;Croatia;;;;;;;;NE;16;0;0;0;16;0;;;#DIV/0!;#DIV/0!;#DIV/0!
;;WCS Slovenia;2015;2015 WCS Slovenia;2015-06-26 00:00:00;2015-06-28 00:00:00;Lesce-Bled;Slovenia;;imam;8;168;28;18;2;NE;168;28;37;6;196;43;/;/;255;487560;SWCS
;;WCS Croatia;2015;2015 WCS Croatia;2015-06-12 00:00:00;2015-06-14 00:00:00;Grobnik;Croatia;;imam;8;80;8;8;1;NE;80;8;15;2;88;17;/;/;121;101640;SWCS
;3.;Pet Zvijezda;2015;2015 Pet Zvijezda;2015-05-15 00:00:00;2015-05-16 00:00:00;Banja Luka;BiH;;imam;8;26;6;;;NE;26;6;14;4;32;18;/;/;#N/A;#N/A
;6.;Dolomiti Cup;2015;2015 Dolomiti Cup;2015-05-01 00:00:00;2015-05-02 00:00:00;Belluno;Italy;;Imam;4;69;9;7;0;NE;0;0;0;0;0;0;/;/;0;0
;5.;Dubai IPC;2014;2014 Dubai IPC;2014-11-26 00:00:00;2014-12-07 00:00:00;Dubai;UAE;;Imam;10;159;48;28;10;NE;159;48;107;30;207;137;;;375;1290000
;;Novosadski kup;2014;2014 Novosadski kup;2014-10-25 00:00:00;2014-10-26 00:00:00;Čenej;Serbia;;Imam, obrađen;6;14;2;0;0;NE;0;0;0;0;0;0;;;0;0
;2.;Pet Zvijezda;2014;2014 Pet Zvijezda;2014-10-11 00:00:00;2014-10-12 00:00:00;Banja Luka;BiH;;;;;;;;OK;0;0;0;0;0;0;;;0;0
;;Memorijal Vrsar;2014;2014 Memorijal Vrsar;2014-09-13 00:00:00;2014-09-14 00:00:00;Vrsar;Croatia;;;;;;;;OK;0;0;0;0;0;0;;;0;0
;33. 7.J.;WPC;2014;2014 WPC;2014-08-16 00:00:00;2014-08-23 00:00:00;Banja Luka;BiH;Cat.1x;;5;122;51;21;8;NE;143;59;36;17;202;53;59;38;#DIV/0!;#DIV/0!;WPC;Russia;China;Slovenia, Belarus
;;CISM Regional Tournament Para;2014;2014 CISM Regional Tournament Para;2014-08-13 00:00:00;2014-08-17 00:00:00;Swis Tour;Switzerland;;Imam;9;42;8;;;NE;41;9;19;3;50;22;;;67;43416
;24.;Alkarski kup;2014;2014 Alkarski kup;2014-08-08 00:00:00;2014-08-10 00:00:00;Sinj;Croatia;;;;;;;;NE;15;3;7;1;18;8;;;12;0;Under
;;WCS Italy;2014;2014 WCS Italy;2014-08-08 00:00:00;2014-08-10 00:00:00;Belluno;Italy;;Imam;8;210;34;20;1;NE;257;0;1;0;257;1;/;/;#DIV/0!;#DIV/0!;SWCS
;22.;NC Croatia;2014;2014 NC Croatia;2014-07-11 00:00:00;2014-07-13 00:00:00;Vrsar;Croatia;;Imam;;10;1;;;NE;10;1;1;0;11;1;;;17;0;NC
;19.;Petrovdanski kup;2014;2014 Petrovdanski kup;2014-07-05 00:00:00;2014-07-06 00:00:00;Prijedor;BiH;;;;;;;;NE;8;0;0;0;8;0;;;#DIV/0!;#DIV/0!
;;Kup Državnosti;2014;2014 Kup Državnosti;2014-06-28 00:00:00;2014-06-29 00:00:00;Vukovar;Croatia;;Imam samo raspis;;;;;;OK;0;0;0;0;;;;;0;0
;;WCS Slovenia;2014;2014 WCS Slovenia;2014-06-27 00:00:00;2014-06-29 00:00:00;Lesce-Bled;Slovenia;;imam;8;174;29;19;3;NE;174;29;51;9;203;60;/;/;307;645928;SWCS
;1.;Kup Grada Siska;2014;2014 Kup Grada Siska;2014-06-22 00:00:00;2014-06-22 00:00:00;Sisak;Croatia;;Imam;4;14;1;1;0;OK;14;1;1;0;15;1;;;9;576
;;WCS Croatia;2014;2014 WCS Croatia;2014-06-13 00:00:00;2014-06-15 00:00:00;Grobnik;Croatia;;Imam, obrađen;3;123;13;15;0;NE;123;13;40;1;136;41;/;/;214;113634;SWCS
;2.;Cumulus Cup;2014;2014 Cumulus Cup;2014-05-17 00:00:00;2014-05-18 00:00:00;Poreč;Croatia;;;;16;3;;;NE;16;3;3;1;19;4;;;14;0
;5.;Dolomiti Cup;2014;2014 Dolomiti Cup;2014-04-01 00:00:00;2014-04-02 00:00:00;Belluno;Italy;;;6;75;13;;;NE;0;0;0;0;0;0;/;/;0;0
;4.;Para-Ski kup Nikšić;2014;2014 Para-Ski kup Nikšić;2014-03-22 00:00:00;2014-03-22 00:00:00;Nikšić;Montenegro;;;;;;;;NE;29;3;15;1;32;16;/;/;32;0;Under
;1.;Pet Zvijezda;2013;2013 Pet Zvijezda;2013-11-09 00:00:00;2013-11-10 00:00:00;Banja Luka;BiH;;Imam, obrađen;6;35;6;0;0;NE;35;6;21;4;41;25;;;39;15444
;21.;NC Croatia;2013;2013 NC Croatia;2013-10-11 00:00:00;2013-10-13 00:00:00;Grobnik;Croatia;;Nemam;;;;;;OK;0;0;0;0;0;0;;;0;0;NC
;;WCS Switzerland;2013;2013 WCS Switzerland;2013-09-27 00:00:00;2013-09-29 00:00:00;Locarno;Switzerland;;imam;6;169;31;;;NE;169;31;64;12;200;76;/;/;288;476928;SWCS
;3.;PK Nikšića;2013;2013 PK Nikšića;2013-09-13 00:00:00;2013-09-15 00:00:00;Nikšić;Montenegro;;imam;7;36;2;;;NE;0;0;0;0;0;0;;;0;0;;;;;Nenad Kuzmanović
;;WCS Austria;2013;2013 WCS Austria;2013-09-06 00:00:00;2013-09-08 00:00:00;Thalgau;Austria;;imam;7;183;27;25;2;NE;182;28;61;7;210;68;/;/;292;568232;SWCS
;13. 1.J.;World cup;2013;2013 World cup;2013-08-22 00:00:00;2013-08-26 00:00:00;Cheboksary;Russia;;;10;65;45;17;11;NE;0;0;0;0;0;0;46;38;0;0
;7. 4J.;EPC;2013;2013 EPC;2013-08-22 00:00:00;2013-08-26 00:00:00;Cheboksary;Russia;Cat.1x;;10;59;40;16;9;NE;0;0;0;0;0;0;42;34;0;0;EPC
;13. 1.J.;World Cup;2013;2013 World Cup;2013-08-22 00:00:00;2013-08-26 00:00:00;Cheboksary;Russia;;;;;;;;OK;0;0;0;0;0;0;;;0;0
;;WCS Italy;2013;2013 WCS Italy;2013-08-09 00:00:00;2013-08-11 00:00:00;Belluno;Italy;;Imam;2;171;33;14;1;NE;171;33;43;8;204;51;/;/;246;125460;SWCS
;;WCS Germany;2013;2013 WCS Germany;2013-07-12 00:00:00;2013-07-14 00:00:00;Altenstadt;Germany;;Imam;;;;;;NE;130;20;43;6;;;/;/;194;0;SWCS
;18.;Petrovdanski kup;2013;2013 Petrovdanski kup;2013-07-06 00:00:00;2013-07-07 00:00:00;Prijedor;BiH;;Imam samo raspis;;;;;;OK;0;0;0;0;0;0;/;/;0;0
;;WCS Slovenia;2013;2013 WCS Slovenia;2013-06-28 00:00:00;2019-06-30 00:00:00;Lesce-Bled;Slovenia;;imam;8;182;25;32;1;NE;182;25;61;6;207;67;/;/;286;626912;SWCS
;;Kup Grada Vukovara;2013;2013 Kup Grada Vukovara;2013-06-22 00:00:00;2013-06-22 00:00:00;Borovo;Croatia;;;;;;;;OK;0;0;0;0;0;0;;;0;0
;;WCS Croatia;2013;2013 WCS Croatia;2013-06-14 00:00:00;2013-06-16 00:00:00;Grobnik;Croatia;;Imam, obrađen;8;124;12;20;0;NE;124;12;44;3;136;47;/;/;191;279624;SWCS
;;ODPP BiH;2013;2013 ODPP BiH;2013-06-01 00:00:00;2013-06-02 00:00:00;Bihać;BiH;;;;;;;;OK;0;0;0;0;0;0;;;0;0
;4.;Dolomiti Cup;2013;2013 Dolomiti Cup;2013-04-01 00:00:00;2013-04-02 00:00:00;Belluno;Italy;;;5;66;6;;;NE;0;0;0;0;0;0;/;/;0;0
;32. 6.J.;WPC;2012;2012 WPC;2012-11-28 00:00:00;2012-12-09 00:00:00;Dubai;UAE;Cat.1x;;10;199;73;25;15;NE;199;73;105;40;272;145;81;48;982;4094940;WPC
;16.;Kup Branka Dobrinića;2012;2012 Kup Branka Dobrinića;2012-11-10 00:00:00;2012-11-10 00:00:00;Vrsar;Croatia;;Imam;5;22;9;5;0;NE;22;9;6;0;31;6;;;45;8325
;20.;NC Croatia;2012;2012 NC Croatia;2012-10-05 00:00:00;2012-10-06 00:00:00;Grobnik;Croatia;;;;;;;;NE;16;5;0;0;21;0;;;24;0;NC
;2.;PK Nikšića;2012;2012 PK Nikšića;2012-09-08 00:00:00;2012-09-09 00:00:00;Nikšić;Montenegro;;;;;;;;OK;0;0;0;0;0;0;;;0;0
;7.;Otvoreno PP Grada Rijeke i PGŽ;2012;2012 Otvoreno PP Grada Rijeke i PGŽ;2012-09-07 00:00:00;2012-09-07 00:00:00;Grobnik;Croatia;;imam;;13;2;;;NE;0;0;0;0;0;0;;;0;0
;34.;Ptuj Cup;2012;2012 Ptuj Cup;2012-08-18 00:00:00;2012-08-19 00:00:00;Ptuj;Slovenia;;Imam samo raspis;;;;;;OK;0;0;0;0;0;0;/;/;0;0;Under
;;WCS Italy;2012;2012 WCS Italy;2012-08-10 00:00:00;2012-08-12 00:00:00;Belluno;Italy;;Imam;8;192;26;21;2;NE;228;0;0;0;228;0;/;/;#DIV/0!;#DIV/0!;SWCS
;;Kup Grada Vukovara;2012;2012 Kup Grada Vukovara;2012-08-04 00:00:00;2012-08-04 00:00:00;Borovo;Croatia;;Imam, obrađen;5;20;3;;;NE;0;0;0;0;0;0;;;0;0
;17.;Petrovdanski kup;2012;2012 Petrovdanski kup;2012-06-30 00:00:00;2012-07-01 00:00:00;Prijedor;BiH;;;;;;;;NE;67;8;33;2;75;35;;;#DIV/0!;#DIV/0!
;;WCS Slovenia;2012;2012 WCS Slovenia;2012-06-22 00:00:00;2012-06-24 00:00:00;Lesce-Bled;Slovenia;;imam;8;166;27;20;3;NE;166;27;45;8;193;53;/;/;321;631728;SWCS
;1.;Cumulus Cup;2012;2012 Cumulus Cup;2012-05-12 00:00:00;2012-05-12 00:00:00;Opatija;Croatia;;Imam, obrađen;4;15;1;;;OK;15;1;0;0;16;0;/;/;24;1536
;3.;Dolomiti Cup;2012;2012 Dolomiti Cup;2012-04-01 00:00:00;2012-04-02 00:00:00;Belluno;Italy;;;8;66;9;;;NE;0;0;0;0;0;0;/;/;0;0
;1.;Urban Cup;2011;2011 Urban Cup;2011-10-01 00:00:00;2011-10-01 00:00:00;Zrenjanin;Serbia;;;;;;;;NE;7;1;2;0;8;2;;;#DIV/0!;#DIV/0!
;;WCS Croatia;2011;2011 WCS Croatia;2011-09-09 00:00:00;2011-09-11 00:00:00;Grobnik;Croatia;;Imam, obrađen;8;104;12;14;1;NE;104;12;34;5;116;39;/;/;197;244280;SWCS
;19.;NC Croatia;2011;2011 NC Croatia;2011-09-03 00:00:00;2011-09-04 00:00:00;Vrsar;Croatia;;;;;;;;NE;22;5;2;0;27;2;;;26;0;NC
;6. 3J.;EPC;2011;2011 EPC;2011-08-21 00:00:00;2011-08-28 00:00:00;Kikinda;Serbia;Cat.1x;Imam;10;55;31;16;7;NE;71;38;33;20;109;53;58;34;397;643140;EPC
;33.;Ptuj Cup;2011;2011 Ptuj Cup;2011-08-13 00:00:00;2011-08-14 00:00:00;Podlehnik;Slovenia;;;;;;;;NE;20;3;9;0;23;9;/;/;22;0;Under
;;WCS Italy;2011;2011 WCS Italy;2011-08-05 00:00:00;2011-08-07 00:00:00;Belluno;Italy;;Imam;8;178;41;18;0;NE;219;0;0;0;219;0;/;/;#DIV/0!;#DIV/0!;SWCS
;16.;Petrovdanski kup;2011;2011 Petrovdanski kup;2011-07-02 00:00:00;2011-07-03 00:00:00;Prijedor;BiH;;Imam;8;63;4;3;0;NE;63;4;28;0;67;28;/;/;89;67640
;;WCS Slovenia;2011;2011 WCS Slovenia;2011-06-24 00:00:00;2011-06-26 00:00:00;Lesce-Bled;Slovenia;;imam;8;161;24;15;0;NE;161;24;51;5;185;56;/;/;307;591896;SWCS
;;Kup Grada Vukovara;2011;2011 Kup Grada Vukovara;2011-06-18 00:00:00;2011-06-18 00:00:00;Borovo;Croatia;;;;;;;;OK;0;0;0;0;0;0;/;/;0;0
;2.;Dolomiti Cup;2011;2011 Dolomiti Cup;2011-04-30 00:00:00;2011-05-01 00:00:00;Belluno;Italy;;;8;57;8;;;NE;0;0;0;0;0;0;/;/;0;0
;1.;Croatia Cup;2011;2011 Croatia Cup;2011-04-16 00:00:00;2011-04-16 00:00:00;Vrsar;Croatia;;;;;;;;OK;0;0;0;0;0;0;;;0;0
;;Otvoreno PP Grada Rijeke;2010;2010 Otvoreno PP Grada Rijeke;2010-10-23 00:00:00;2010-10-23 00:00:00;Grobnik;Croatia;;;;;;;;OK;0;0;0;0;0;0;;;0;0
;3.;Međunarodni kup Nena Ličina;2010;2010 Međunarodni kup Nena Ličina;2010-09-25 00:00:00;2010-09-25 00:00:00;Banja Luka;BiH;;imam;5;22;2;;;NE;0;0;0;0;0;0;;;0;0;;;;;Vladan Stojković
;31. 5.J.;WPC;2010;2010 WPC;2010-08-28 00:00:00;2010-09-04 00:00:00;Nikšić;Montenegro;Cat.1x;;7;117;51;18;8;NE;135;59;59;35;194;94;88;40;610;1229760;WPC;Italy;Slovenia;Russia
;22.;Alkarski kup;2010;2010 Alkarski kup;2010-08-21 00:00:00;2010-08-21 00:00:00;Sinj;Croatia;;;;8;0;0;0;NE;0;0;0;0;0;0;;;0;0;Under
;;WCS Italy;2010;2010 WCS Italy;2010-08-06 00:00:00;2010-08-08 00:00:00;Belluno;Italy;;Imam;8;189;29;17;2;NE;189;29;78;12;218;90;/;/;300;739200;SWCS
;;WCS Slovenia;2010;2010 WCS Slovenia;2010-06-25 00:00:00;2010-06-27 00:00:00;Lesce-Bled;Slovenia;;imam;8;181;34;19;0;NE;182;33;69;10;215;79;/;/;305;717360;SWCS
;18.;NC Croatia;2010;2010 NC Croatia;2010-07-16 00:00:00;2010-07-18 00:00:00;Vrsar;Croatia;;;5;29;5;;;NE;15;0;0;0;15;0;;;#DIV/0!;#DIV/0!;NC
;;Kup Državnosti;2010;2010 Kup Državnosti;2010-06-19 00:00:00;2010-06-20 00:00:00;Vukovar;Croatia;;imam;6;20;4;;;NE;0;0;0;0;0;0;/;/;0;0
;;WCS Croatia;2010;2010 WCS Croatia;2010-05-28 00:00:00;2010-05-30 00:00:00;Grobnik;Croatia;;imam;8;106;13;9;1;NE;106;13;35;3;119;38;/;/;159;199704;SWCS
;1.;Dolomiti Cup;2010;2010 Dolomiti Cup;2010-05-01 00:00:00;2010-05-02 00:00:00;Belluno;Italy;;;8;46;9;0;0;NE;0;0;0;0;0;0;/;/;0;0
;;Memorijal Vrsar;2010;2010 Memorijal Vrsar;2010-03-20 00:00:00;2010-03-20 00:00:00;Vrsar;Croatia;;;;;;;;OK;0;0;0;0;0;0;;;0;0
;;Para-Challenge Kup;2009;2009 Para-Challenge Kup;2009-08-09 00:00:00;2009-08-09 00:00:00;Bihać;BiH;;;;;;;;OK;0;0;0;0;0;0;;;0;0
;;WCS Italy;2009;2009 WCS Italy;2009-08-07 00:00:00;2009-08-09 00:00:00;Belluno;Italy;;Imam;8;159;32;12;4;NE;159;32;62;14;191;76;/;/;239;510504;SWCS
;21.;Alkarski kup;2009;2009 Alkarski kup;2009-07-25 00:00:00;2009-07-25 00:00:00;Sinj;Croatia;;;;;;;;NE;9;0;1;0;9;1;;;6;0;Under
;14.;Petrovdanski kup;2009;2009 Petrovdanski kup;2009-07-11 00:00:00;2009-07-12 00:00:00;Prijedor;BiH;;;;;;;;NE;41;3;24;2;44;26;;;42;0
;;WCS Slovenia;2009;2009 WCS Slovenia;2009-06-26 00:00:00;2009-06-28 00:00:00;Lesce-Bled;Slovenia;;imam;8;157;26;10;5;NE;157;26;50;13;183;63;/;/;249;490032;SWCS
;;Otvoreno PP Grada Rijeke;2008;2008 Otvoreno PP Grada Rijeke;2008-10-19 00:00:00;2008-10-19 00:00:00;Grobnik;Croatia;;;4;15;4;0;0;NE;0;0;0;0;0;0;;;0;0
;1.;Međunarodni kup Nena Ličina;2008;2008 Međunarodni kup Nena Ličina;2008-09-07 00:00:00;2008-09-07 00:00:00;Banja Luka;BiH;;;;;;;;OK;0;0;0;0;0;0;;;0;0
;20.;Alkarski kup;2008;2008 Alkarski kup;2008-08-30 00:00:00;2008-08-31 00:00:00;Sinj;Croatia;;;;;;;;NE;7;0;0;0;7;0;;;8;0;Under
;;WCS Italy;2008;2008 WCS Italy;2008-08-08 00:00:00;2008-08-10 00:00:00;Belluno;Italy;;Imam;8;180;28;9;0;NE;180;28;11;0;208;11;/;/;211;369672;SWCS
;30;WPC;2008;2008 WPC;2008-07-26 00:00:00;2008-08-01 00:00:00;Lučenec;Slovakia;Cat.1x;;10;124;49;;;NE;14;1;0;0;15;0;;;#DIV/0!;#DIV/0!;WPC
;8.;WCS Slovenia;2008;2008 WCS Slovenia;2008-06-27 00:00:00;2008-06-29 00:00:00;Lesce-Bled;Slovenia;;imam;;178;30;14;2;NE;178;30;63;9;208;72;/;/;285;0;SWCS
;;Kup Grada Vukovara;2008;2008 Kup Grada Vukovara;2008-06-21 00:00:00;2008-06-22 00:00:00;Borovo;Croatia;;;;;;;;OK;0;0;0;0;0;0;;;0;0
;7.;WCS Croatia;2008;2008 WCS Croatia;2008-06-06 00:00:00;2008-06-08 00:00:00;Lošinj;Croatia;;imam;8;129;19;;;NE;128;20;39;5;148;44;/;/;196;301056;SWCS
;16.;NC Croatia;2008;2008 NC Croatia;2008-05-01 00:00:00;2008-05-03 00:00:00;Zadar Višnjik;Croatia;;Imam;8;31;7;;;NE;31;7;6;0;38;6;;;39;13728;NC
;;Memorijal Zagreba;2008;2008 Memorijal Zagreba;2008-04-27 00:00:00;2008-04-27 00:00:00;Lučko;Croatia;;;;;;;;NE;9;0;0;0;9;0;;;#DIV/0!;#DIV/0!
;6.;WCS Switzerland;2007;2007 WCS Switzerland;2007-09-28 00:00:00;2007-09-30 00:00:00;Locarno;Switzerland;;;;;;;;NE;131;15;44;5;146;49;/;/;195;0;SWCS
;15.;Memorijal Slavonskih zrakoplovaca;2007;2007 Memorijal Slavonskih zrakoplovaca;2007-09-22 00:00:00;2007-09-22 00:00:00;Osijek;Croatia;;;;14;6;;;NE;0;0;0;0;0;0;;;0;0;Under
;;EPC;2007;2007 EPC;;2007-09-07 00:00:00;Osijek;Croatia;Cat.1x;;1;;;;;OK;0;0;0;0;0;0;;;0;0;Under
;5.;WCS Austria;2007;2007 WCS Austria;2007-08-24 00:00:00;2007-08-26 00:00:00;Zell am See;Austria;;;;;;;;NE;145;18;41;4;163;45;/;/;214;0;SWCS
;4.;WCS Italy;2007;2007 WCS Italy;2007-08-10 00:00:00;2007-08-12 00:00:00;Belluno;Italy;;imam;8;176;26;12;1;NE;176;26;66;7;202;73;/;/;261;574200;SWCS
;19.;Alkarski kup;2007;2007 Alkarski kup;2007-07-28 00:00:00;2007-07-28 00:00:00;Sinj;Croatia;;;;;;;;NE;25;0;8;0;25;8;;;22;0;Under
;3.;WCS Germany;2007;2007 WCS Germany;2007-07-20 00:00:00;2007-07-21 00:00:00;Altenstadt;Germany;;;;;;;;NE;158;22;63;7;180;70;/;/;242;0;SWCS
;12.;Petrovdanski kup;2007;2007 Petrovdanski kup;2007-07-06 00:00:00;2007-07-07 00:00:00;Prijedor;BiH;;;;;;;;NE;34;5;18;4;39;22;;;#DIV/0!;#DIV/0!
;2.;WCS Slovenia;2007;2007 WCS Slovenia;2007-06-29 00:00:00;2007-07-01 00:00:00;Lesce-Bled;Slovenia;;;;;;;;NE;134;23;6;2;157;8;/;/;173;0;SWCS
;1.;WCS Croatia;2007;2007 WCS Croatia;2007-06-01 00:00:00;2007-06-03 00:00:00;Grobnik;Croatia;;;4;120;;;;NE;120;13;27;1;133;28;/;/;168;108192;SWCS
;;Memorijal Zagreba;2007;2007 Memorijal Zagreba;2007-05-26 00:00:00;2007-05-26 00:00:00;Lučko;Croatia;;;;;;;;NE;16;4;1;1;20;2;;;18;0
;15.;NC Croatia;2007;2007 NC Croatia;2007-05-18 00:00:00;2007-05-20 00:00:00;Osijek;Croatia;;;10;26;8;;;NE;26;8;3;1;34;4;;;38;14440;NC
;2.;Otvoreno PP Grada Rijeke;2007;2007 Otvoreno PP Grada Rijeke;2007-04-28 00:00:00;2007-04-28 00:00:00;Grobnik;Croatia;;;;;;;;OK;0;0;0;0;0;0;;;0;0
;41;Europa Cup Switzerland;2006;2006 Europa Cup Switzerland;2006-09-29 00:00:00;2006-10-01 00:00:00;Locarno;Switzerland;;;8;141;13;8;1;NE;141;13;57;4;154;61;;;246;423120;SWCS
;40;Europa Cup Germany;2006;2006 Europa Cup Germany;2006-09-01 00:00:00;2006-09-03 00:00:00;Altenstadt;Germany;;;6;143;22;14;2;NE;143;22;53;6;165;59;/;/;262;352128;SWCS
;28.;Ptuj Cup;2006;2006 Ptuj Cup;2006-08-26 00:00:00;2006-08-27 00:00:00;Ptuj;Slovenia;;;;;;;;OK;0;0;0;0;;;;;0;0;Under
;29;WPC;2006;2006 WPC;2006-08-12 00:00:00;2006-08-20 00:00:00;Stupino;Russia;Cat.1x;;10;115;67;0;0;NE;115;67;56;44;182;100;92;57;666;1878120;WPC;Russia;Hungary;Czech Rep.
;14.;NC Croatia;2006;2006 NC Croatia;2006-08-04 00:00:00;2006-08-06 00:00:00;Rijeka;Croatia;;;8;23;7;3;1;NE;23;7;4;1;30;5;;;39;10920;NC
;18.;Alkarski kup;2006;2006 Alkarski kup;2006-07-29 00:00:00;2006-07-29 00:00:00;Sinj;Croatia;;;;;;;;NE;15;2;4;1;17;5;;;16;0;Under
;39;Europa Cup Slovenia;2006;2006 Europa Cup Slovenia;2006-06-30 00:00:00;2006-07-02 00:00:00;Lesce-Bled;Slovenia;;;;;;;;NE;159;29;40;10;188;50;;;289;0;SWCS
;38;Europa Cup Croatia;2006;2006 Europa Cup Croatia;2006-06-16 00:00:00;2006-06-18 00:00:00;Rijeka;Croatia;;;8;;;;;NE;119;21;32;6;140;38;;;218;310432;SWCS
;37;Europa Cup Austria;2006;2006 Europa Cup Austria;2006-06-02 00:00:00;2006-06-03 00:00:00;Lochen;Austria;;;3;;;;;NE;1;0;0;0;1;0;;;3;9;SWCS
;;Kup Grada Vukovara;2006;2006 Kup Grada Vukovara;2006-05-27 00:00:00;2006-05-28 00:00:00;Borovo;Croatia;;;;;;;;OK;0;0;0;0;0;0;;;0;0
;36;Europa Cup Italy;2006;2006 Europa Cup Italy;2006-05-12 00:00:00;2006-05-14 00:00:00;Belluno;Italy;;nema ga na webu;8;;;;;NE;144;18;2;3;162;5;;;#DIV/0!;#DIV/0!;SWCS
;7.;Memorijal PBDR;2006;2006 Memorijal PBDR;2006-04-22 00:00:00;2006-04-22 00:00:00;Osijek;Croatia;;Imam;8;12;6;2;1;NE;12;6;3;2;18;5;/;/;24;4416;WALAR D;;;;Zdravko Babić
;9.;Kup Branka Dobrinića;2005;2005 Kup Branka Dobrinića;2005-10-29 00:00:00;2005-10-30 00:00:00;Vrsar;Croatia;;imam;4;25;5;;;NE;25;5;7;2;30;9;/;/;26;4056;;;;;Nada Džidara
;;Kup Grada Vukovara;2005;2005 Kup Grada Vukovara;2005-10-08 00:00:00;2005-10-09 00:00:00;Borovo;Croatia;;imam;4;16;4;;;NE;0;0;0;0;0;0;/;/;0;0;;;;;Miroslav Džidara
;35;Europa Cup Switzerland;2005;2005 Europa Cup Switzerland;2005-09-23 00:00:00;2005-09-25 00:00:00;Locarno;Switzerland;;Imam;8;151;16;5;2;NE;151;16;48;2;167;50;/;/;263;456568;SWCS
;;EPC;2005;2005 EPC;2005-08-30 00:00:00;2005-09-02 00:00:00;Prostějov;Czech Republic;Cat.1x;;10;95;39;19;7;NE;129;46;63;31;269;94;68;26;625;2268750;EPC
;17.;Alkarski kup;2005;2005 Alkarski kup;2005-08-27 00:00:00;2005-08-28 00:00:00;Sinj;Croatia;;Imam;5;12;1;;;NE;12;1;5;1;13;6;;;15;1425;WALAR F;;;;Bjanka Pavin
;27.;Ptuj Cup;2005;2005 Ptuj Cup;2005-08-20 00:00:00;2005-08-21 00:00:00;Ptuj;Slovenia;;Imam;8;;;;;NE;41;9;11;2;50;13;;;#DIV/0!;#DIV/0!;#DIV/0!;;;;Miro Vindiš
;1.;Otvoreno PP Grada Rijeke;2005;2005 Otvoreno PP Grada Rijeke;2005-08-13 00:00:00;2005-08-14 00:00:00;Grobnik;Croatia;;;6;30;6;4;1;NE;0;0;0;0;0;0;;;0;0
;34;Europa Cup Italy;2005;2005 Europa Cup Italy;2005-08-05 00:00:00;2005-08-06 00:00:00;Belluno;Italy;;nema ga na webu;;;;;;NE;166;29;7;4;195;11;;;254;0;SWCS
;33;Europa Cup Germany;2005;2005 Europa Cup Germany;2005-07-23 00:00:00;2005-07-24 00:00:00;Altenstadt;Germany;;;;;;;;NE;185;25;8;2;210;10;;;255;0;SWCS
;13.;NC Croatia;2005;2005 NC Croatia;2005-07-08 00:00:00;2005-07-10 00:00:00;Osijek;Croatia;;Imam;;19;3;;;NE;19;3;2;0;22;2;;;33;0;NC
;32;Europa Cup Slovenia;2005;2005 Europa Cup Slovenia;2005-06-24 00:00:00;2005-06-26 00:00:00;Lesce-Bled;Slovenia;;;6;;;;;NE;175;29;54;9;204;63;;;316;506232;SWCS
;31;Europa Cup Croatia;2005;2005 Europa Cup Croatia;2005-06-03 00:00:00;2005-06-05 00:00:00;Grobnik;Croatia;;;7;;;;;NE;129;13;36;4;142;40;;;231;294294;SWCS
;30;Europa Cup Austria;2005;2005 Europa Cup Austria;2005-05-13 00:00:00;2005-05-15 00:00:00;Lochen;Austria;;;5;159;21;5;2;NE;159;21;46;7;180;53;;;268;312220;SWCS
;6.;Memorijal PBDR;2005;2005 Memorijal PBDR;2005-04-30 00:00:00;2005-04-30 00:00:00;Grobnik;Croatia;;Imam;8;15;5;2;1;NE;0;0;0;0;0;0;;;0;0;;;;;Zdravko Babić
;;Kup Branka Dobrinića;2004;2004 Kup Branka Dobrinića;2004-10-22 00:00:00;2004-10-24 00:00:00;Vrsar;Croatia;;;;;;;;OK;0;0;0;0;0;0;;;0;0
;29;Europa Cup Switzerland;2004;2004 Europa Cup Switzerland;2004-10-01 00:00:00;2004-10-02 00:00:00;Locarno;Switzerland;;;;;;;;NE;157;18;5;2;175;7;;;214;0;SWCS
;28;WPC;2004;2004 WPC;2004-09-18 00:00:00;2004-09-26 00:00:00;Rijeka;Croatia;Cat.1x;;8;128;56;0;0;NE;128;56;2;2;184;4;;;574;863296;WPC;Italy;Croatia, Czech.Rep, Hungary
;12.;NC Croatia;2004;2004 NC Croatia;2004-09-03 00:00:00;2004-09-05 00:00:00;Osijek;Croatia;;Imam;;28;7;;;NE;28;7;2;0;35;2;;;43;0;NC
;;Ptuj Cup;2004;2004 Ptuj Cup;2004-08-27 00:00:00;2004-08-29 00:00:00;Ptuj;Slovenia;;;;;;;;OK;0;0;0;0;0;0;;;0;0;Under
;16.;Alkarski kup;2004;2004 Alkarski kup;2004-08-13 00:00:00;2004-08-15 00:00:00;Sinj;Croatia;;;;;;;;OK;0;0;0;0;0;0;;;0;0;Under
;31.;CISM WPC;2004;2004 CISM WPC;2004-08-09 00:00:00;2004-08-20 00:00:00;Krems;Austria;Cat.1 CISM;;;;;;;OK;0;0;0;0;0;0;;;0;0;CISM
;28;Europa Cup Italy;2004;2004 Europa Cup Italy;2004-07-30 00:00:00;2004-08-01 00:00:00;Belluno;Italy;;nema ga na webu;;;;;;NE;158;20;6;2;178;8;;;235;0;SWCS
;27;Europa Cup Slovenia;2004;2004 Europa Cup Slovenia;2004-07-09 00:00:00;2004-07-10 00:00:00;Lesce-Bled;Slovenia;;;4;;;;;NE;181;27;7;1;208;8;;;265;228960;SWCS
;9.;Petrovdanski kup;2004;2004 Petrovdanski kup;2004-07-02 00:00:00;2004-07-04 00:00:00;Prijedor;BiH;;;;;;;;OK;0;0;0;0;0;0;;;0;0;;;;;Marin Momir
;;Kup Grada Vukovara;2004;2004 Kup Grada Vukovara;2004-06-25 00:00:00;2004-06-26 00:00:00;Borovo;Croatia;;Imam;8;14;5;;;NE;0;0;0;0;0;0;;;0;0;;;;;Željko Dumenčić
;26;Europa Cup Croatia;2004;2004 Europa Cup Croatia;2004-06-11 00:00:00;2004-06-13 00:00:00;Grobnik;Croatia;;;7;;;;;NE;157;26;7;2;183;9;;;238;319872;SWCS
;25;Europa Cup Austria;2004;2004 Europa Cup Austria;2004-05-28 00:00:00;2004-05-30 00:00:00;Lochen;Austria;;Imam;8;157;28;;;NE;157;56;5;6;213;11;;;277;496384;SWCS
;8.;Kup Branka Dobrinića;2003;2003 Kup Branka Dobrinića;2003-10-24 00:00:00;2003-10-26 00:00:00;Vrsar;Croatia;;Imam;8;23;4;;;NE;23;4;2;0;27;2;;;32;7424
;11.;Memorijal Slavonskih zrakoplovaca;2003;2003 Memorijal Slavonskih zrakoplovaca;2003-10-11 00:00:00;2003-10-12 00:00:00;Osijek;Croatia;;Imam;8;30;8;;;NE;0;0;0;0;;;;;0;0;Under
;24;Europa Cup Switzerland;2003;2003 Europa Cup Switzerland;2003-09-26 00:00:00;2003-09-28 00:00:00;Locarno;Switzerland;;;;;;;;NE;172;3;0;1;175;1;;;#DIV/0!;#DIV/0!;SWCS
;27;WPC;2003;2003 WPC;2003-09-06 00:00:00;2003-09-13 00:00:00;Gap Tallard;France;Cat.1x;;;127;56;;;NE;181;3;0;0;184;0;;;#DIV/0!;#DIV/0!;WPC
;23;Europa Cup Italy;2003;2003 Europa Cup Italy;2003-08-15 00:00:00;2003-08-17 00:00:00;Belluno;Italy;;nema ga na webu;;;;;;NE;130;24;0;0;154;0;;;#DIV/0!;#DIV/0!;SWCS
;11.;NC Croatia;2003;2003 NC Croatia;2003-07-25 00:00:00;2003-07-27 00:00:00;Sinj;Croatia;;Imam;5;25;4;;;NE;25;4;1;1;29;2;25;4;35;5425;NC
;22;Europa Cup Slovenia;2003;2003 Europa Cup Slovenia;2003-07-11 00:00:00;2003-07-12 00:00:00;Lesce-Bled;Slovenia;;Imam;8;167;28;;;NE;167;28;8;2;195;10;;;214;350960;SWCS
;21;Europa Cup Croatia;2003;2003 Europa Cup Croatia;2003-06-20 00:00:00;2003-06-22 00:00:00;Opatija;Croatia;;;4;181;28;;;NE;181;28;8;3;209;11;;;228;200640;SWCS
;20;Europa Cup Austria;2003;2003 Europa Cup Austria;2003-06-06 00:00:00;2003-06-08 00:00:00;Lochen;Austria;;;;;;;;NE;161;1;0;0;162;0;;;#DIV/0!;#DIV/0!;SWCS
;4.;Memorijal Zagreba;2003;2003 Memorijal Zagreba;2003-04-13 00:00:00;2003-04-13 00:00:00;Lučko;Croatia;;;6;11;4;;;NE;11;4;3;2;15;5;;;21;2520
;10.;NC Croatia;2002;2002 NC Croatia;2002-09-19 00:00:00;2002-09-21 00:00:00;Osijek;Croatia;;;;;;;;NE;1;0;0;0;1;0;;;1;0;NC
;19;Europa Cup Switzerland;2002;2002 Europa Cup Switzerland;2002-09-06 00:00:00;2002-09-08 00:00:00;Locarno;Switzerland;;;;;;;;NE;1;0;0;0;1;0;;;1;0;SWCS
;25.;Ptuj Cup;2002;2002 Ptuj Cup;2002-08-24 00:00:00;2002-08-25 00:00:00;Ptuj;Slovenia;;;;;;;;NE;1;0;0;0;1;0;;;1;0;Under
;18;Europa Cup Italy;2002;2002 Europa Cup Italy;2002-08-09 00:00:00;2002-08-10 00:00:00;Belluno;Italy;;nema ga na webu;4;;;;;NE;1;0;0;0;1;0;;;1;4;SWCS
;17;Europa Cup Slovenia;2002;2002 Europa Cup Slovenia;2002-07-05 00:00:00;2002-07-07 00:00:00;Lesce-Bled;Slovenia;;Imam;7;137;27;;;NE;138;27;8;3;165;11;;;171;210672;SWCS
;16;Europa Cup Croatia;2002;2002 Europa Cup Croatia;2002-06-14 00:00:00;2002-06-16 00:00:00;Opatija;Croatia;;;6;;;;;NE;161;24;6;2;185;8;;;189;218862;SWCS
;10.;Kup Državnosti;2002;2002 Kup Državnosti;2002-06-01 00:00:00;2002-06-01 00:00:00;Koprivnica;Croatia;;;;;;;;NE;1;0;0;0;1;0;;;1;0
;15;Europa Cup Austria;2002;2002 Europa Cup Austria;2002-05-17 00:00:00;2002-05-18 00:00:00;Lochen;Austria;;Imam;7;134;19;13;3;NE;134;19;4;2;153;6;;;140;155820;SWCS
;14;Europa Cup Italy;2001;2001 Europa Cup Italy;2001-09-15 00:00:00;2001-09-16 00:00:00;Ora;Italy;;;;100;;2;;NE;2;0;2;0;2;2;;;4;0;SWCS
;;Day & Night;2001;2001 Day & Night;2001-09-07 00:00:00;2001-09-08 00:00:00;Locarno;Switzerland;;;;100;;;;NE;1;0;1;0;1;1;;;2;0
;9.;NC Croatia;2001;2001 NC Croatia;2001-08-29 00:00:00;2001-09-01 00:00:00;Lučko;Croatia;;;;;;;;NE;1;0;1;0;1;1;;;2;0;NC
;24.;Ptuj Cup;2001;2001 Ptuj Cup;2001-08-25 00:00:00;2001-08-26 00:00:00;Ptuj;Slovenia;;;;18;;;;NE;1;0;1;0;1;1;;;2;0;Under
;13;Europa Cup Italy;2001;2001 Europa Cup Italy;2001-08-17 00:00:00;2001-08-19 00:00:00;Belluno;Italy;;;;;;;;NE;2;0;2;0;2;2;;;4;0;SWCS
;12;Europa Cup Slovenia;2001;2001 Europa Cup Slovenia;2001-07-06 00:00:00;2001-07-08 00:00:00;Lesce-Bled;Slovenia;;;;;;;;NE;1;0;1;0;1;1;;;2;0;SWCS
;26;WPC;2001;2001 WPC;2001-06-24 00:00:00;2001-07-01 00:00:00;Granada;Spain;Cat.1x;;;139;71;;;NE;0;1;0;0;1;0;;;#DIV/0!;#DIV/0!;WPC
;11;Europa Cup Croatia;2001;2001 Europa Cup Croatia;2001-06-15 00:00:00;2001-06-17 00:00:00;Opatija;Croatia;;;;111;;9;;NE;1;0;1;0;1;1;;;2;0;SWCS
;10;Europa Cup Austria;2001;2001 Europa Cup Austria;2001-06-02 00:00:00;;Lochen;Austria;;;;;;;;NE;1;0;1;0;1;1;;;2;0;SWCS
;;Kup Državnosti;2001;2001 Kup Državnosti;2001-05-25 00:00:00;2001-05-27 00:00:00;Borovo;Croatia;;;;;;;;NE;1;0;1;0;1;1;;;2;0
;;Day & Night;2000;2000 Day & Night;2000-11-10 00:00:00;2000-11-12 00:00:00;Locarno;Switzerland;;;10;105;;;;NE;100;5;1;1;105;2;;;64;68480;;;;;Drago Bunčić
;25;WPC;2000;2000 WPC;2000-10-06 00:00:00;2000-10-15 00:00:00;Ise-Shima;Japan;Cat.1x;;;123;51;;;NE;4;1;0;0;5;0;;;11;0;WPC
;9;Europa Cup Italy;2000;2000 Europa Cup Italy;2000-09-29 00:00:00;2000-10-01 00:00:00;Trento;Italy;;;;85;;;;NE;2;0;2;0;2;2;;;4;0;SWCS
;8.;NC Croatia;2000;2000 NC Croatia;2000-08-31 00:00:00;2000-09-03 00:00:00;Ptuj;Croatia;;;;;;;;NE;1;0;1;0;1;1;;;2;0;NC
;8;Europa Cup Italy;2000;2000 Europa Cup Italy;2000-08-05 00:00:00;2000-08-06 00:00:00;Belluno;Italy;;;;141;;;;NE;2;0;2;0;2;2;;;4;0;SWCS
;7;Europa Cup Slovenia;2000;2000 Europa Cup Slovenia;2000-06-30 00:00:00;2000-07-01 00:00:00;Lesce-Bled;Slovenia;;;;128;;;;NE;1;0;1;0;1;1;;;2;0;SWCS
;;Monza;2000;2000 Monza;2000-06-17 00:00:00;2000-06-18 00:00:00;Monza;Italy;;;;40;;;;NE;1;0;1;0;1;1;;;2;0
;6;Europa Cup Croatia;2000;2000 Europa Cup Croatia;2000-06-09 00:00:00;2000-06-11 00:00:00;Opatija;Croatia;;;;85;17;;;NE;85;17;6;4;102;10;;;#N/A;#N/A;SWCS
;5;Europa Cup Austria;2000;2000 Europa Cup Austria;2000-05-19 00:00:00;2000-05-21 00:00:00;Lochen;Austria;;;;126;;9;;NE;1;0;1;0;1;1;;;2;0;SWCS
;;Kup Branka Dobrinića;1999;1999 Kup Branka Dobrinića;1999-10-09 00:00:00;1999-10-10 00:00:00;Vrsar;Croatia;;;;;;;;NE;1;0;1;0;1;1;;;2;0
;4;Europa Cup Italy;1999;1999 Europa Cup Italy;1999-09-25 00:00:00;;Trento;Italy;;;;98;;;;NE;2;0;2;0;2;2;;;4;0;SWCS
;7.;NC Croatia;1999;1999 NC Croatia;1999-09-17 00:00:00;1999-09-19 00:00:00;Osijek;Croatia;;;;48;14;;;NE;1;0;1;0;1;1;;;2;0;NC
;;World Cup;1999;1999 World Cup;;1999-09-12 00:00:00;Thalgau;Austria;;;;;;;;NE;1;0;0;0;1;0;;;#DIV/0!;#DIV/0!
;3;Europa Cup Italy;1999;1999 Europa Cup Italy;1999-08-20 00:00:00;1999-08-22 00:00:00;Belluno;Italy;;;;120;;;;NE;2;0;2;0;2;2;;;4;0;SWCS
;2;Europa Cup Slovenia;1999;1999 Europa Cup Slovenia;1999-07-23 00:00:00;1999-07-25 00:00:00;Lesce-Bled;Slovenia;;;;;;;;NE;1;0;1;0;1;1;;;2;0;SWCS
;;Ptuj Cup;1999;1999 Ptuj Cup;1999-06-17 00:00:00;1999-06-19 00:00:00;Ptuj;Slovenia;;;;;;;;NE;1;0;1;0;1;1;;;2;0;Under
;;ODPP Slovenije;1999;1999 ODPP Slovenije;1999-06-17 00:00:00;1999-06-19 00:00:00;Ptuj;Slovenia;;;;;;;;OK;0;0;0;0;0;0;;;0;0
;1;Europa Cup Croatia;1999;1999 Europa Cup Croatia;1999-06-12 00:00:00;1999-06-13 00:00:00;Opatija;Croatia;;;;105;16;;;NE;105;16;8;5;121;13;;;107;0;SWCS
;;Kup Državnosti;1999;1999 Kup Državnosti;1999-05-25 00:00:00;1999-05-30 00:00:00;Koprivnica;Croatia;;;;;;;;NE;1;0;1;0;1;1;;;2;0
;;Kup Branka Dobrinića;1998;1998 Kup Branka Dobrinića;1998-10-10 00:00:00;1998-10-11 00:00:00;Vrsar;Croatia;;;;;;;;NE;1;0;1;0;1;1;;;1;0
;24;WPC;1998;1998 WPC;1998-09-03 00:00:00;1998-09-12 00:00:00;Vrsar;Croatia;Cat.1x;;;172;73;;;NE;7;6;3;1;13;4;;;#DIV/0!;#DIV/0!;WPC
;6.;NC Croatia;1998;1998 NC Croatia;1998-07-16 00:00:00;1998-07-18 00:00:00;Grobnik;Croatia;;Imam;;52;12;11;3;NE;52;12;12;4;64;16;;;59;0;NC
;3.;Alpe Adria Cup Croatia;1998;1998 Alpe Adria Cup Croatia;1998-06-12 00:00:00;1998-06-14 00:00:00;Opatija;Croatia;;;;112;16;;;NE;112;16;7;2;128;9;;;112;0
;;Kup Državnosti;1998;1998 Kup Državnosti;1998-05-30 00:00:00;1998-05-31 00:00:00;Koprivnica;Croatia;;;;;;;;NE;10;2;1;1;12;2;;;#DIV/0!;#DIV/0!
;9.;World Cup + World Air Games;1997;1997 World Cup + World Air Games;;1997-09-21 00:00:00;Selçuk;Turkey;;;;;;;;OK;0;0;0;0;0;0;;;0;0
;;Kup Grada Opatije;1997;1997 Kup Grada Opatije;1997-06-14 00:00:00;1997-06-15 00:00:00;Opatija;Croatia;;;;;;;;OK;0;0;0;0;0;0;;;0;0
;23;WPC;1996;1996 WPC;1996-09-14 00:00:00;1996-09-22 00:00:00;Bekescaba;Hungary;Cat.1x;;;173;81;;;NE;0;0;0;0;0;0;;;0;0;WPC
;5.;NC Croatia;1996;1996 NC Croatia;1996-07-22 00:00:00;1996-07-28 00:00:00;Zagreb;Croatia;;;8;46;15;13;6;NE;46;15;6;6;61;12;;;#DIV/0!;#DIV/0!;NC
;22;WPC;1994;1994 WPC;;;Chengdu;China;Cat.1x;;;;;;;OK;0;0;0;0;0;0;;;0;0;WPC
;;EPC;1993;1993 EPC;;;Efes;Turkey;Cat.1x;;;;;;;NE;0;1;0;0;1;0;;;1;0
;21;WPC;1992;1992 WPC;1992-08-13 00:00:00;1992-08-24 00:00:00;Trieben;Austria;Cat.1x;;;150;96;;;NE;0;0;0;0;0;0;;;0;0;WPC
;20;WPC;1990;1990 WPC;1990-09-07 00:00:00;1990-09-16 00:00:00;Bled;Yugoslavia;Cat.1x;;;142;98;;;NE;0;0;0;0;0;0;;;0;0;WPC
;19;WPC;1988;1988 WPC;1988-07-28 00:00:00;1988-08-07 00:00:00;Nykoping;Sweden;Cat.1x;;;140;99;;;NE;0;0;0;0;0;0;;;0;0;WPC
;18;WPC;1986;1986 WPC;1986-09-01 00:00:00;1986-09-13 00:00:00;Ankara;Turkey;Cat.1x;;;135;85;;;NE;0;0;0;0;0;0;;;0;0;WPC
;17;WPC;1984;1984 WPC;;1984-09-08 00:00:00;Vichy;France;Cat.1x;;;135;71;;;NE;0;0;0;0;0;0;127;71;0;0;WPC;SSSR;Yugoslavia;Austria
;16;WPC;1982;1982 WPC;1982-08-08 00:00:00;1982-08-20 00:00:00;Lučenec;Slovakia;Cat.1x;;;121;71;;;NE;0;0;0;0;0;0;;;0;0;WPC
;15;WPC;1980;1980 WPC;;1980-08-28 00:00:00;Kazanlak;Bulgaria;Cat.1x;;;123;58;;;NE;0;0;0;0;0;0;;;0;0;WPC
;14;WPC;1978;1978 WPC;;1978-09-04 00:00:00;Zagreb;Yugoslavia;Cat.1x;;;122;65;;;NE;0;0;0;0;0;0;;;0;0;WPC
;13;WPC;1976;1976 WPC;;;Roma;Italy;Cat.1x;;;130;72;;;NE;0;0;0;0;0;0;;;0;0;WPC
;12;WPC;1974;1974 WPC;1974-07-25 00:00:00;1974-08-12 00:00:00;Szolnok;Hungary;Cat.1x;;;155;73;;;NE;0;0;0;0;0;0;;;0;0;WPC
;11;WPC;1972;1972 WPC;1972-08-05 00:00:00;1972-08-20 00:00:00;Tahlequah;Oklahoma, USA;Cat.1x;;;145;81;;;NE;0;0;0;0;0;0;;;0;0;WPC
;10;WPC;1970;1970 WPC;1970-09-06 00:00:00;1970-09-20 00:00:00;Bled;Yugoslavia;Cat.1x;;;127;54;;;NE;0;0;0;0;0;0;;;0;0;WPC
;9;WPC;1968;1968 WPC;1968-08-10 00:00:00;1968-08-25 00:00:00;Graz;Austria;Cat.1x;;;129;52;;;NE;0;0;0;0;0;0;;;0;0;WPC
;8;WPC;1966;1966 WPC;1966-07-24 00:00:00;1966-08-06 00:00:00;Lipsko;Germany DDR;Cat.1x;;;72;36;;;NE;0;0;0;0;0;0;;;0;0;WPC
;7;WPC;1964;1964 WPC;1964-07-30 00:00:00;1964-08-16 00:00:00;Leutkirch;Germany;Cat.1x;;;131;39;;;NE;0;0;0;0;0;0;;;0;0;WPC
;6;WPC;1962;1962 WPC;1962-08-11 00:00:00;1962-09-03 00:00:00;Orange;USA;Cat.1x;;;98;35;;;NE;0;0;0;0;0;0;;;0;0;WPC
;5;WPC;1960;1960 WPC;1960-08-07 00:00:00;1960-08-14 00:00:00;Musačevo;Bulgaria;Cat.1x;;;95;42;;;NE;0;0;0;0;0;0;;;0;0;WPC
;4;WPC;1958;1958 WPC;1958-08-03 00:00:00;1958-08-10 00:00:00;Bratislava;Čehoslovačka;Cat.1x;;;57;21;;;NE;0;0;0;0;0;0;;;0;0;WPC
;3;WPC;1956;1956 WPC;1956-07-29 00:00:00;1956-08-04 00:00:00;Tušino, Moskva;SSSR;Cat.1x;;;50;23;;;NE;0;0;0;0;0;0;;;0;0;WPC
;2;WPC;1954;1954 WPC;1954-08-02 00:00:00;1954-08-08 00:00:00;Saint Jean;France;Cat.1x;;;29;2;;;NE;0;0;0;0;0;0;;;0;0;WPC
;1;WPC;1951;1951 WPC;1951-08-16 00:00:00;1951-08-20 00:00:00;Bled;Yugoslavia;Cat.1x;;;15;2;;;NE;0;0;0;0;0;0;;;0;0;WPC
