;Season;(Višestruke stavke)
;Nation;Croatia
;Gender;M

;Zbroj od WALAR score;Natpisi stupaca
;WALAR ;2020 Alkarski kup;2020 NC Croatia;2020 OPPG Osijeka;2021 Alkarski kup;2021 Cumulus Cup;2021 Dubai IPC;2021 EEAC Hungary;2021 NC Croatia;2021 OPPG Osijeka;2021 WCS Croatia;2022 Alkarski kup;2022 Cumulus Cup;2022 EEAC BiH;2022 EEAC Bulgaria;2022 NC Croatia;2022 NC Montenegro;2022 OPPG Osijeka;2022 Pet zvijezda;2022 Poreč IPC;2022 Ptuj Cup;2022 WCS Austria;2022 WCS Italy;2022 WCS Slovenia;2022 WCS Switzerland;2022 WPC;2023 Alkarski kup;2023 Dolomiti Cup;2023 Dubai IPC;2023 EEAC BiH;2023 Jadranski kup;2023 NC Croatia;2023 NC Serbia;2023 OPPG Osijeka;2023 Para-Challenge Kup;2023 Pet zvijezda;2023 Poreč IPC;2023 SWCS Austria;2023 SWCS Croatia;2023 SWCS Italy;2023 SWCS Slovenia;2023 SWCS Switzerland;2024 Alkarski kup;2024 Dolomiti Cup;2024 EEAC BiH;2024 Jadranski kup;2024 NC Croatia;2024 Poreč IPC;2024 SWCS Italy;2024 SWCS Slovenia;2024 WPC;TOTAL
1;Nedjeljko Brdar;180;400;;86;;;;750;;47;20;;;;90;;;;;;15;22;0;0;;70;33;;370;;310;;;;;180;7;140;3;8;80;120;40;;;380;;66;;0;3417
2;Željko Žrvnar;;40;;200;;;;320;101;;;120;;;600;359;;;70;;;;;;9;430;;;80;80;170;;71;70;;110;;;;;;79;;104;97;50;130;;;11;3301
3;Goran Ratkajec;;158;;;;22;;500;165;;;120;;;258;520;;;;;;;;;100;;;48;;100;580;;;;;230;;;;;;95;;;;160;;;;0;3056
4;Hrvoje Sladetić;;600;;390;105;;;158;500;;;;;;90;;;;;;;;;;;;;;;;50;;;;;50;;;;;;;;;;40;200;;;;2183
5;Matko Vuković;51;30;60;76;;;;100;60;;50;60;;;40;;78;;;40;;;;;;106;;;;50;420;;50;10;;190;;;;;;180;;60;50;60;63;;;;1884
6;Bojan Frlan;;260;;20;;;;100;;4;150;;;;103;;;;;;0;0;;20;;;20;;160;;61;;;;;51;;10;4;;;;0;;;560;;1;;11;1535
7;Nebojša Ilić;100;10;150;140;110;;;30;70;;50;;;;125;;50;;60;;;;;;0;;;;;204;98;;;;;78;;;;30;0;79;;;86;8;;15;0;0;1493
8;Zlatko Ugrin;30;103;30;100;;;;40;50;;10;50;;;158;;61;;;;;;;;0;130;;;;;109;;;;;89;;;;;;58;;;;260;94;;;;1372
9;Siniša Živko;9;80;83;;50;;4;60;90;;;82;40;159;70;;120;50;;;;;;;0;40;;;50;;73;;40;;87;53;;;;;;56;;;;20;50;;;;1366
10;Andrija Kovačević;15;20;20;290;8;;;50;40;;20;70;;;60;;40;;;10;;;;;;70;;;;15;40;;15;50;;40;;;;;;79;;102;50;70;;;;;1174
11;Božidar Marić;;;;;;;;;;;100;;;;370;;;;;;;;0;30;;290;47;;40;;86;;;;;66;;15;0;5;;;0;;;90;;;;;1139
12;Karlo Kovač;;60;10;;30;;;120;;;;;;;;;;;80;;;0;;;;;;;;;135;;;;;95;;;;;;;;;;102;9;;0;;641
13;Jurica Jagnjić;20;;40;60;;;;70;9;;40;;;;30;;;;;7;;;;;;80;;;;;;;60;;;;;;;;;30;;;;80;20;;;;546
14;Nikola Bašić;14;50;15;63;60;;;20;100;;70;;;;;;;;;;;;;;;;;;;;;;;;;;;;;;;20;;;;123;;;;;535
15;Dražen Pezer;;90;;87;10;;;80;60;;;82;;;60;;;;;;;;;;;;;;;;;;;;;;;;;;;;;;;;15;;;;484
16;Damir Suton;;;;50;9;;;;;;3;70;9;;20;20;30;;;4;;;;;;4;0;;10;;15;30;;0;3;20;;0;0;0;;56;0;10;;30;9;0;0;;402
17;Tino Milanović;6;;9;4;7;0;;;;;4;40;7;;10;70;;8;;20;;;;;;5;1;0;20;;30;;;;30;30;;;;;;42;;;;;30;;;;373
18;Marino Radešić;;;;;0;;;9;5;;6;50;;;15;70;10;;;;;0;;;;;0;0;;;7;;60;;;8;5;;0;0;0;;;;;10;;0;0;;255
19;Stipe Jović;;;;;;;;;;;7;;;;10;;;;;;0;0;0;0;;80;3;;40;;10;;;;;20;1;8;0;0;0;;0;;;15;;;;;194
20;Marko Žuljević;;120;;40;;;;;;;;;;;;;;;;;;;;;;;;;;;;;;;;;;;;;;;;;;;30;;;;190
21;Jurica Labrović;;;;;;;;;;;;40;;;;;;;;;;;;;;50;;0;8;;8;;;;;9;;;;;;30;;8;;;20;;;;173
22;Mario Grčić;67;9;;30;;;;;6;;1;;;;;;;;;;;;;;;30;;;;;;;;;;;;;;;;20;;;;6;;;;;169
23;Roko Erceg;;;;;1;;;7;3;;;40;7;;6;;8;2;;;;;;;0;10;;;15;;6;;7;;;7;;;;;;15;;;;7;20;;;;161
24;Alen Mezit;;;;6;3;;;15;;;;50;;7;8;;20;50;;;;;;;;;;;;;;;;;;;;;;;;;;;;;;;;;159
25;Ivan Đaković;;;;;0;;;;;;;40;;;5;;;;50;;;0;;;;;0;;15;;9;;8;;;9;0;0;;0;;;;;;;8;;;;144
26;Davor Videk;;8;50;7;50;;;10;8;;;;;;;;;;;;;;;;;;;;;;;;;;;;;;;;;;;;;;;;;;133
27;Marko Popadić;8;;;5;;;;;2;;0;;;;;;;;;;;;;;;6;;;;;20;;9;;;30;;;;;;8;;;;;;;;;88
28;Igor Kecerin;;70;;;;;;;;;;;;;;;;;;;;;;;;;;;;;;;;;;;;;;;;;;;;;;;;;70
29;Miloš Vukotić;;;;;;;;8;;;;50;;;7;;;;;;;;;;;;;0;;;;;;;;;;;;;;;;;3;;;;;;68
30;Dino Vučković;;;;;;;;;;;;;;;;;;;;;;;;;;7;;;6;;5;;5;;4;6;;;;;;9;;;;9;15;;;;66
31;Zvonimir Hromatko;40;15;;;;;;;;;;;;;;;;;;;;;;;;;;;;;;;;;;;;;;;;;;;;;;;;;55
32;Ivan Mandić;5;;;3;;;;;1;;0;;;;4;;;;;;;;;;;0;;;;;5;;;;;6;;;;;;7;;;;4;;;;;35
33;Nikola Maleš;;;;;;;;;;;;;;;;;;;;;;;;;;9;;;6;;;;6;0;;;;;;;;10;;;;;;;;;31
34;Mladen Čirjak;;;;;;;;;;;;30;;;;;;;;;;;;;;;;;;;;;;;;;;;;;;;;;;;;;;;30
35;Ante Grubišić Čabo;7;;;9;5;0;;;;;;;;;;;;;;;;;;;;;;;;;;;;;;;;;;;;;;;;;;;;;21
36;Denis Husar;;;;;;;;;20;;;;;;;;;;;;;;;;;;;;;;;;;;;;;;;;;;;;;;;;;;20
37;Mislav Jakelić;5;;;;;;;;;;0;;;;;;;;;;;;;;;;;;;;5;;;;;6;;;;;;;;;;4;;;;;20
38;Andi Odak;5;;;;;;;;;;;;;;;;;;;;;;;;;3;;;;;;;;;;;;;;;;6;;;;;;;;;14
39;Josip Gudurić;;;;;2;;;;4;;;;;;;;;;;;;;;;;;;;;;;;4;;;;;;;;;;;;;;;;;;10
40;Veselin Alić;;;;;;;;;;;;;;;;;;;;;;;;;;;;;;;;;;;;;;;;;;;;7;;;;0;;;7
41;Mario Zarinkijević;;;;;6;;;;;;;;;;;;;;;;;;;;;;;;;;;;;;;;;;;;;;;;;;;;;;6
42;Marko Šarin;;;;;;;;;;;;;;;;;;;;;;;;;;;;;;;;;;;;;;;;;;6;;;;;;;;;6
43;Saša Torbarina;5;;;;;;;;;;;;;;;;;;;;;;;;;;;;;;;;;;;;;;;;;;;;;;;;;;5
44;Ante Vuković;5;;;;;;;;;;;;;;;;;;;;;;;;;;;;;;;;;;;;;;;;;;;;;;;;;;5
45;Ivan Petrušić;;;;;;;;;;;;;;;;;;;;;;;;;;;;;;;;;;;;;;;;;;;;;;5;;;;;5
46;Dujo Vuković;;;;;;;;;;;;;;;;;;;;0;;;;;;1;;;;;;;;;;;;;;;;;;;;;;;;;1
47;Lino Pugliari;;;;;;;;;;0;;;;;;;;;;;;;;;;;;;;;;;;;;;;;;;;;;;;;;;;;0
48;Boris Božić;;;;;0;;;;;;;;;;;;;;;;;;;;;;;;;;;;;;;;;;;;;;;;;;;;;;0
49;Tomislav Mesić;;;;;0;;;;;;;;;;;;;;;;;;;;;;;;;;;;;;;;;;;;;;;;;;;;;;0
50;Tomislav Maćešić;;;;;;;;;;;;;;;;;;;;;;;;;;;;;;;;0;;;;;;;;;;;;;;;;;;;0
51;Tomislav Mihelić;;;;;;;;;;;;;;;;;;;;;;;;;;;;;;;;;;0;;;;;;;;;;;;;;;;;0
52;Mirko Malbaša;;;;;0;;;;;;;;;;;;;;;;;;;;;;;;;;;;;;;;;;;;;;;;;;;;;;0
53;TOTAL;572;2123;467;1666;456;22;4;2447;1294;51;531;994;63;166;2139;1039;417;110;260;81;15;22;0;50;109;1421;104;48;820;449;2252;30;335;130;124;1383;13;173;7;43;80;1005;40;291;286;2093;713;82;0;22;27042
54
55
56
57
58
59
60
61
62
63
64
65
66
67
68
69
70
71
72
73
74
75
76
77
78
79
80
81
82
83
84
85
86
87
88
89
90
91
92
93
94
95
96
97
98
99
100
101
102
103
104
105
106
107
108
109
110
111
112
113
114
115
116
117
118
119
120
121
122
123
124
125
126
127
128
129
130
131
132
133
134
135
136
137
138
139
140
141
142
143
144
145
146
147
148
149
150
151
152
153
154
155
156
157
158
159
160
161
162
163
164
165
166
167
168
169
170
171
172
173
174
175
176
177
178
179
180
181
182
183
184
185
186
187
188
189
190
191
192
193
194
195
196
197
198
199
200
201
202
203
204
205
206
207
208
209
210
211
212
213
214
215
216
217
218
219
220
221
222
223
224
225
226
227
228
229
230
231
232
233
234
235
236
237
238
239
240
241
242
243
244
245
246
247
248
249
250
251
252
253
254
255
256
257
258
259
260
261
262
263
264
265
266
267
268
269
270
271
272
273
274
275
276
277
278
279
280
281
282
283
284
285
286
287
288
289
290
291
292
293
294
295
296
297
298
299
300
301
302
303
304
305
306
307
308
309
310
311
312
313
314
315
316
317
318
319
320
321
322
323
324
325
326
327
328
329
330
331
332
333
334
335
336
337
338
339
340
341
342
343
344
345
346
347
348
349
350
351
352
353
354
355
356
357
358
359
360
361
362
363
364
365
366
367
368
369
370
371
372
373
374
375
376
377
378
379
380
381
382
383
384
385
386
387
388
389
390
391
392
393
394
395
396
397
398
399
400
401
402
403
404
405
406
407
408
409
410
411
412
413
414
415
416
417
418
419
420
421
422
423
424
425
426
427
428
429
430
431
432
433
434
435
436
437
438
439
440
441
442
443
444
445
446
447
448
449
450
451
452
453
454
455
456
457
458
459
460
461
462
463
464
465
466
467
468
469
470
471
472
473
474
475
476
477
478
479
480
481
482
483
484
485
486
487
488
489
490
491
492
493
494
495
496
497
498
499
500
501
502
503
504
505
506
507
508
509
510
511
512
513
514
515
516
517
518
519
520
521
522
523
524































































































































































































































































































































































































































































































































































































































































































































































































































































































































































































































































































































































































































































































































































































































































































































































































































































































































































































































































































































































































































































































































































































































































































































































































































































































































































































































































































































































































































































































































































































































































































































































































































































































































































































































































































































































































































































































































































































































































































































































































































































































































































































































































































































































































































































































































































































































































































































































































































































































































































































































































































































































































































































































































































































































































































































































































































































































































































































































































































































































































































































































































