;Gender;F

;WFSAR score;competitions
;Competitor;2021 WPC;2022 WPC;2023 World Cup;2024 WPC;Total
1;Léocadie Ollivier de Pury | France;860;1150;700;;2710
2;YaPing Xing | China;;;1100;1300;2400
3;YueYing Lyu | China;;;800;1000;1800
4;Deborah Ferrand | France;460;990;280;;1730
5;Tatjana Gustke | Germany;;740;290;590;1620
6;Natalia Velidtchenko | USA;;880;;580;1460
7;YiYao Li | China;;;;1200;1200
8;TianTian Zhao | China;;;500;700;1200
9;Julia Schosser | Austria;;520;200;470;1190
10;Yu Lou | China;;;420;700;1120
11;YuTing Wang | China;;;;1100;1100
12;Elena Tusheva | Russia;1090;;;;1090
13;Sophie Grill | Austria;;450;150;450;1050
14;Stephanie TexIer | France;400;640;;;1040
15;Adeline Delecroix | France;400;450;150;;1000
16;Evgenia Furman | Russia;960;;;;960
17;Olga Mastafanova | Russia;760;;;;760
18;Zoe Stoll | Germany;;460;220;;680
19;Pascale Dumarcet | France;;520;150;;670
20;Lubov Ekshikeeva | Russia;640;;;;640
21;Maria Elkina | Russia;630;;;;630
22;Cheryl Stearns | USA;;630;;;630
23;Quing wen Duan | China;;;600;;600
24;QiuLi Han | China;;;;530;530
25;Anna Bokovaya | Belarus;530;;;;530
26;Tatsiana Nalivaika | Belarus;520;;;;520
27;Darja Shastakovich | Belarus;470;;;;470
28;Nataliya Nikitsiuk | Belarus;470;;;;470
29;Elena Stalkova | Belarus;450;;;;450
30;Simona Stan | Romania;;;;450;450
31;Maria Carmen Gomez Hurtado | Espana;;450;;;450
32;Min Jia | China;;;420;;420
33;Voda Alexandra | Romania;;;;400;400
34;Ling Zhang | China;;;400;;400
35;Steliana Popa | Romania;;;;400;400
36;Serban Ana Maria Eugenia | Romania;;;;400;400
37;Balascau Gabriela | Romania;;;;400;400
38;Laura Jaguelin | France;;;120;;120
39;Total;8640;7880;6500;10670;33690
40
41
42
43
44
45
46
47
48
49
50
51
52
53
54
55
56
57
58
59
60
61
62
63
64
65
66
67
68
69
70
71
72
73
74
75
76
77
78
79
80
81
82
83
84
85
86
87
88
